Ano;Tipo Pac;Iniciativa;Objetivo;Unidade Técnica;Unidade Administrativa;Detalhamento;Quantidade;Unidade;Frequência;Valor Previsto;Justificativa;Prioridade;Data Tr;Disponibilidade Da Contratação;Número Contrato;Ano Contrato;Vencimento Contrato;Prorrogação Contrato;Contratação Continuada;"Catmat&#x2F;catser";Despesa;Elemento De Despesa;Natureza De Despesa;Inativo;Motivo Rejeição;Motivo Ajuste;Número Pad;Ano Pad;Tipo De Contratação;Descrição;Fase
2025;Ordinário;32. Promover melhorias no processo da gestão orçamentária;OE09 - Aperfeiçoar a Gestão Orçamentária e Financeira;SECRETARIA DE ADMINISTRAÇÃO E ORÇAMENTO;SECRETARIA DE ADMINISTRAÇÃO E ORÇAMENTO;Renovação do Contrato 57/2021  - Locação de imóvel para abrigar a 38ª Zona Eleitoral de Goiás - Goiatuba.;1;Não se aplica;ANUAL;R$31.282,00;Garantir infraestrutura para o funcionamento do cartório eleitoral de Goiatuba.;5;28/06/25;28/12/25;57;2021;28/12/24;1;Sim;4316;LOCACAO DE IMOVEIS;OUTROS SERVIÇOS DE TERCEIROS - PESSOA FÍSICA;DESPESAS CORRENTES;NÃO;;;;;Serviços;LOCAÇÃO DE IMÓVEIS;AJUSTES
2025;Ordinário;17. Aperfeiçoar a Gestão de Contratações na Justiça Eleitoral;OE07 - Aperfeiçoar a Gestão Administrativa e a Governança da Justiça Eleitoral;SECRETARIA DE ADMINISTRAÇÃO E ORÇAMENTO;SECRETARIA DE ADMINISTRAÇÃO E ORÇAMENTO;Aquisição de gás liquefeito de petróleo (GLP), acondicionado em botijão de 45 kg.;5;Unidade;ANUAL;R$2.700,00;Atender demanda no Ed Sede e Anexo I do TRE-GO.;5;21/10/24;21/04/25;10;2023;04/03/24;0;Sim;461652;GAS E OUTROS MATERIAIS ENGARRAFADOS;MATERIAL DE CONSUMO;DESPESAS CORRENTES;NÃO;;;;;Fornecimento;AQUISIÇÃO DE GÁS LIQUEFEITO DE PETRÓLEO (GLP);AJUSTES
2025;Ordinário;17. Aperfeiçoar a Gestão de Contratações na Justiça Eleitoral;OE07 - Aperfeiçoar a Gestão Administrativa e a Governança da Justiça Eleitoral;SECRETARIA DE ADMINISTRAÇÃO E ORÇAMENTO;SECRETARIA DE ADMINISTRAÇÃO E ORÇAMENTO;Aquisição de açúcar cristal, acondicionado em pacote de 2 kg.;3000;kg;ANUAL;R$15.000,00;Atender demandas das unidades administrativas e zonas eleitorais.;5;21/10/24;21/04/25;44;2023;09/10/24;1;Sim;246734;GENEROS DE ALIMENTACAO;MATERIAL DE CONSUMO;DESPESAS CORRENTES;NÃO;;;;;Fornecimento;AQUISIÇÃO DE AÇÚCAR CRISTAL;AJUSTES
2025;Ordinário;17. Aperfeiçoar a Gestão de Contratações na Justiça Eleitoral;OE07 - Aperfeiçoar a Gestão Administrativa e a Governança da Justiça Eleitoral;SECRETARIA DE ADMINISTRAÇÃO E ORÇAMENTO;SECRETARIA DE ADMINISTRAÇÃO E ORÇAMENTO;Aquisição de água mineral, sem gás, acondicionada em garrafões de 20 litros.;6000;Unidade;ANUAL;R$60.000,00;Atender demanda das unidades administrativas e zonas eleitorais da capital.;5;21/10/24;21/04/25;22;2023;04/06/24;0;Sim;445485;GENEROS DE ALIMENTACAO;MATERIAL DE CONSUMO;DESPESAS CORRENTES;NÃO;;;;;Fornecimento;AQUISIÇÃO DE ÁGUA MINERAL;AJUSTES
2025;Ordinário;17. Aperfeiçoar a Gestão de Contratações na Justiça Eleitoral;OE07 - Aperfeiçoar a Gestão Administrativa e a Governança da Justiça Eleitoral;SECRETARIA DE ADMINISTRAÇÃO E ORÇAMENTO;SECRETARIA DE ADMINISTRAÇÃO E ORÇAMENTO;Aquisição de materiais de limpeza e produtos de higienização diversos (água sanitária, álcool, detergente, flanela, lixeira, saco p/ lixo, sabão e outros).;1;Unidade;ANUAL;R$80.000,00;Atender demandas das unidades administrativas e zonas eleitorais.;5;21/10/24;21/04/25;;;;;Sim;269943;MATERIAL DE LIMPEZA E PROD. DE HIGIENIZACAO;MATERIAL DE CONSUMO;DESPESAS CORRENTES;NÃO;;;;;Fornecimento;AQUISIÇÃO DE MATERIAIS DE LIMPEZA E PRODUTOS DE HIGIENIZAÇÃO;AJUSTES
2025;Ordinário;17. Aperfeiçoar a Gestão de Contratações na Justiça Eleitoral;OE07 - Aperfeiçoar a Gestão Administrativa e a Governança da Justiça Eleitoral;SECRETARIA DE ADMINISTRAÇÃO E ORÇAMENTO;SECRETARIA DE ADMINISTRAÇÃO E ORÇAMENTO;Aquisição de materiais de proteção e segurança diversos (fita zebrada, luvas e outros).;1;Unidade;ANUAL;R$30.000,00;Atender demandas das unidades administrativas e zonas eleitorais.;4;21/10/24;21/04/25;;;;;Sim;269892;MATERIAL DE PROTECAO E SEGURANCA;MATERIAL DE CONSUMO;DESPESAS CORRENTES;NÃO;;;;;Fornecimento;AQUISIÇÃO DE MATERIAIS DE PROTEÇÃO E SEGURANÇA;AJUSTES
2025;Ordinário;17. Aperfeiçoar a Gestão de Contratações na Justiça Eleitoral;OE07 - Aperfeiçoar a Gestão Administrativa e a Governança da Justiça Eleitoral;SECRETARIA DE ADMINISTRAÇÃO E ORÇAMENTO;SECRETARIA DE ADMINISTRAÇÃO E ORÇAMENTO;Aquisição de materiais de consumo de TIC (Tecnologia da Informação e Comunicação).;1;Unidade;Não se Aplica;R$125.000,00;Aquisição de materiais de consumo de TIC (Tecnologia da Informação e Comunicação) tais como toners p/ impressoras e outros.;5;21/10/24;21/04/25;;;;;Não;438107;MATERIAL DE TIC - MATERIAL DE CONSUMO;MATERIAL DE CONSUMO;DESPESAS CORRENTES;NÃO;;;;;Fornecimento;AQUISIÇÃO DE MATERIAIS DE CONSUMO DE TIC (TECNOLOGIA DA INFORMAÇÃO E COMUNICAÇÃO);AJUSTES
2025;Ordinário;17. Aperfeiçoar a Gestão de Contratações na Justiça Eleitoral;OE07 - Aperfeiçoar a Gestão Administrativa e a Governança da Justiça Eleitoral;SECRETARIA DE ADMINISTRAÇÃO E ORÇAMENTO;SECRETARIA DE ADMINISTRAÇÃO E ORÇAMENTO;Aquisição de materiais de expediente diversos (canetas, envelopes, etiquetas, fitas, papel, pastas, réguas e outros).;1;Unidade;Não se Aplica;R$155.000,00;Atender demandas das unidades administrativas e zonas eleitorais.;5;21/10/24;21/04/25;;;;;Não;226606;MATERIAL DE EXPEDIENTE;MATERIAL DE CONSUMO;DESPESAS CORRENTES;NÃO;;.;;;Fornecimento;AQUISIÇÃO DE MATERIAIS DE EXPEDIENTE;AJUSTES
2025;Ordinário;17. Aperfeiçoar a Gestão de Contratações na Justiça Eleitoral;OE07 - Aperfeiçoar a Gestão Administrativa e a Governança da Justiça Eleitoral;SECRETARIA DE ADMINISTRAÇÃO E ORÇAMENTO;SECRETARIA DE ADMINISTRAÇÃO E ORÇAMENTO;Aquisição de café, acondicionado em pacote de 500 gramas.;2500;kg;Não se Aplica;R$60.000,00;Atender demandas das unidades administrativas e zonas eleitorais.;4;21/10/24;21/04/25;43;2023;11/10/24;1;Sim;236481;GENEROS DE ALIMENTACAO;MATERIAL DE CONSUMO;DESPESAS CORRENTES;NÃO;;;;;Fornecimento;AQUISIÇÃO DE CAFÉ;AJUSTES
2025;Ordinário;26. Aprimorar a Governança de Pessoas por meio da implementação do Plano de Gestão de Pessoa;OE08 - Aperfeiçoar a Gestão de Pessoas;SECRETARIA DE GESTÃO DE PESSOAS;SECRETARIA DE GESTÃO DE PESSOAS;Prorrogação do Contrato n° 33/2023 - Prestação de serviço de Agente de Integração de Estágios.;1;Unidade;ANUAL;R$40.000,00;Manutenção do Programa de Estágio do Tribunal;3;01/04/25;01/10/25;33;2023;01/10/25;1;Sim;15156;TAXA DE ADMINISTRACAO;OUTROS SERVIÇOS DE TERCEIROS - PESSOA JURÍDICA;DESPESAS CORRENTES;NÃO;;;;;Serviços;CONTRATAÇÃO DE SERVIÇOS DE AGENTE DE INTEGRAÇÃO DE ESTÁGIOS - PRORROGAÇÃO CONTRATUAL;AJUSTES
2025;Ordinário;26. Aprimorar a Governança de Pessoas por meio da implementação do Plano de Gestão de Pessoa;OE08 - Aperfeiçoar a Gestão de Pessoas;SECRETARIA DE GESTÃO DE PESSOAS;SECRETARIA DE GESTÃO DE PESSOAS;Contratação de cursos, palestras e seminários para de capacitação para servidores, magistrados e demais colaboradores.;1;Não se aplica;ANUAL;R$800.000,00;Trata-se da previsão de gastos com capacitação para servidores, magistrados e demais colaboradores.;3;01/07/24;01/01/25;;;;;Não;17663;SERVICO DE SELECAO E TREINAMENTO;OUTROS SERVIÇOS DE TERCEIROS - PESSOA JURÍDICA;DESPESAS CORRENTES;NÃO;;;;;Serviços;CONTRATAÇÃO DE CURSOS, PALESTRAS E SEMINÁRIOIS PARA CAPACITAÇÃO DE SERVIDORES, MAGISTRADOS E DEMAIS COLABORADORES;AJUSTES
2025;Ordinário;26. Aprimorar a Governança de Pessoas por meio da implementação do Plano de Gestão de Pessoa;OE08 - Aperfeiçoar a Gestão de Pessoas;SECRETARIA DE GESTÃO DE PESSOAS;SECRETARIA DE GESTÃO DE PESSOAS;Contratação de software de gestão de clínica para o serviço de saúde do Tribunal;1;Unidade;ANUAL;R$55.000,00;Trata-se de contrato de cessão de direito de uso de 1 (uma) licença do software de clínica NEXO EHS.;3;01/09/24;01/03/25;;;;;Sim;27502;LOCACAO DE SOFTWARES;SERVIÇOS DE TECNOLOGIA DA INFORMAÇÃO E COMUNICAÇÃO - PJ;DESPESAS CORRENTES;NÃO;;;;;Serviços;CESSÃO DE DIREITO DE USO - SOFTWARE DE CLÍNICA NEXO EHS - PRORROGAÇÃO CONTRATUAL;AJUSTES
2025;Ordinário;26. Aprimorar a Governança de Pessoas por meio da implementação do Plano de Gestão de Pessoa;OE08 - Aperfeiçoar a Gestão de Pessoas;SECRETARIA DE GESTÃO DE PESSOAS;SECRETARIA DE GESTÃO DE PESSOAS;Prorrogação do Contrato 54/2022 - Prestação de serviços de apoio administrativo mediante disponibilização de 01 (um) posto de trabalho de auxiliar de saúde bucal.;1;Unidade;ANUAL;R$47.000,00;Necessidade de continuidade do contrato de atendente para consultório odontológico (Auxiliar de Saúde Bucal)  para atender à SEATS.;3;01/01/25;01/07/25;54;2022;27/07/24;1;Sim;5908;SERVICOS TECNICOS PROFISSIONAIS;OUTROS SERVIÇOS DE TERCEIROS - PESSOA JURÍDICA;DESPESAS CORRENTES;NÃO;;;;;Serviços;CONTRATAÇÃO DE SERVIÇOS DE APOIO ADMINISTRATIVO NA ÁREA DE SAÚDE BUCAL - PRORROGAÇÃO CONTRATUAL;AJUSTES
2025;Ordinário;26. Aprimorar a Governança de Pessoas por meio da implementação do Plano de Gestão de Pessoa;OE08 - Aperfeiçoar a Gestão de Pessoas;SECRETARIA DE GESTÃO DE PESSOAS;SECRETARIA DE GESTÃO DE PESSOAS;Prorrogação do Contrato 07/2023 - Prestação de serviços de coleta seletiva de lixo;1;Não se aplica;ANUAL;R$600,00;Trata-se de serviço de coleta seletiva de lixo hospitalar do serviço médico do Tribunal.;3;01/08/25;01/02/26;7;2023;09/02/26;1;Sim;14265;LIMPEZA E CONSERVACAO;OUTROS SERVIÇOS DE TERCEIROS - PESSOA JURÍDICA;DESPESAS CORRENTES;NÃO;;;;;Serviços;SERVIÇO DE COLETA SELETIVA DE LIXO - PRORROGAÇÃO CONTRATUAL;AJUSTES
2025;Ordinário;26. Aprimorar a Governança de Pessoas por meio da implementação do Plano de Gestão de Pessoa;OE08 - Aperfeiçoar a Gestão de Pessoas;SECRETARIA DE GESTÃO DE PESSOAS;SECRETARIA DE GESTÃO DE PESSOAS;Contratação de empresa especializada na prestação de serviços de apoio administrativo mediante disponibilização de 01 (um) posto de trabalho de técnico em segurança do trabalho.;1;Unidade;ANUAL;R$70.000,00;Continuidade do contrato de Técnico de Segurança do trabalho.;3;01/04/25;01/10/25;;;;;Sim;8818;SERVICOS TECNICOS PROFISSIONAIS;OUTROS SERVIÇOS DE TERCEIROS - PESSOA JURÍDICA;DESPESAS CORRENTES;NÃO;;;3869-1;2024;Serviços;CONTRATAÇÃO DE SERVIÇOS DE APOIO ADMINISTRATIVO NA ÁREA DE SEGURANÇA DO TRABALHO - PRORROGAÇÃO CONTRATUAL;AJUSTES
2025;Ordinário;26. Aprimorar a Governança de Pessoas por meio da implementação do Plano de Gestão de Pessoa;OE08 - Aperfeiçoar a Gestão de Pessoas;SECRETARIA DE GESTÃO DE PESSOAS;SECRETARIA DE GESTÃO DE PESSOAS;Prorrogação do Contrato 19/2023 - Prestação de serviço de agenciamento de passagens aéreas para atendimento às necessidades de deslocamento aéreo de servidores e magistrados.;1;Unidade;ANUAL;R$210.000,00;Visa viabilizar as necessidades de deslocamento aéreo de servidores e magistrados.;3;01/12/24;01/06/25;19;2023;05/06/24;1;Sim;25828;PASSAGENS PARA O PAÍS;PASSAGENS E DESPESAS COM LOCOMOÇÃO;DESPESAS CORRENTES;NÃO;;;;;Serviços;CONTRATAÇÃO DE SERVIÇOS DE  AGENCIAMENTO DE PASSAGENS AÉREAS;AJUSTES
2025;Ordinário;15. Otimizar o atendimento às demandas dos usuários dos serviços da Justiça Eleitoral;OE07 - Aperfeiçoar a Gestão Administrativa e a Governança da Justiça Eleitoral;SECRETARIA DE ADMINISTRAÇÃO E ORÇAMENTO;SECRETARIA DE ADMINISTRAÇÃO E ORÇAMENTO;Cadeira Giratória Executiva com espaldar alto, com braços reguláveis;63;Unidade;ANUAL;R$80.000,00;Substituir as cadeiras sucateadas das Zonas Eleitorais e Diretorias dos Fóruns;1;05/04/24;05/10/24;;;;;Não;612399;MOBILIARIO EM GERAL;EQUIPAMENTOS E MATERIAL PERMANENTE;INVESTIMENTOS;NÃO;;;;;Fornecimento;AQUISIÇÃO DE MOBILIÁRIOS;AJUSTES
2025;Ordinário;35. Implementar as iniciativas do PDTIC 2021-2026;OE10 - Fortalecer a Estratégia Nacional de TIC e de Proteção de Dados;SECRETARIA DE TECNOLOGIA DA INFORMAÇÃO;SECRETARIA DE TECNOLOGIA DA INFORMAÇÃO;Aquisição de Licenças de softwares: Solução automatizada de Gestão das urnas eletrônicas.;1;Unidade;ANUAL;R$0,00;Segurança e gerenciamento das urnas eletrônicas.;1;30/04/25;30/10/25;;;;;Não;27472;AQUISICAO DE SOFTWARE PRONTO;SERVIÇOS DE TECNOLOGIA DA INFORMAÇÃO E COMUNICAÇÃO - PJ;INVESTIMENTOS;NÃO;;;;;Fornecimento;AQUISIÇÃO DE SOFTWARES - CSEL;AJUSTES
2025;Ordinário;35. Implementar as iniciativas do PDTIC 2021-2026;OE10 - Fortalecer a Estratégia Nacional de TIC e de Proteção de Dados;SECRETARIA DE TECNOLOGIA DA INFORMAÇÃO;SECRETARIA DE TECNOLOGIA DA INFORMAÇÃO;Aquisição de Portais e Coletores de dados RFID.;4;Unidade;ANUAL;R$0,00;Segurança e gerenciamento das urnas eletrônicas.;1;30/04/25;30/10/25;;;;;Não;18663;MAQUINAS E EQUIPAMENTOS ENERGETICOS;EQUIPAMENTOS E MATERIAL PERMANENTE;INVESTIMENTOS;NÃO;;;;;Fornecimento;AQUISIÇÃO DE PORTAIS E COLETORES DE DADOS RFID - CSEL;AJUSTES
2025;Ordinário;35. Implementar as iniciativas do PDTIC 2021-2026;OE10 - Fortalecer a Estratégia Nacional de TIC e de Proteção de Dados;SECRETARIA DE TECNOLOGIA DA INFORMAÇÃO;SECRETARIA DE TECNOLOGIA DA INFORMAÇÃO;Contratação de prestação de serviços técnicos profissionais de TI na área de infraestrutura e sustentação.;1;Unidade;ANUAL;R$2.242.523,00;Nova contratação em substituição ao Contrato TRE-GO nº 05/2020, que vence em 16/03/2025.;1;01/08/24;01/02/25;;;;;Sim;24970;SERVICOS TECNICOS PROFISSIONAIS DE TIC;SERVIÇOS DE TECNOLOGIA DA INFORMAÇÃO E COMUNICAÇÃO - PJ;DESPESAS CORRENTES;NÃO;;;;;Serviços;CONTRATAÇÃO SERVIÇOS TÉCNICOS PROFISSIONAIS DE TI NA ÁREA DE INFRAESTRUTURA E SUSTENTAÇÃO;AJUSTES
2025;Ordinário;35. Implementar as iniciativas do PDTIC 2021-2026;OE10 - Fortalecer a Estratégia Nacional de TIC e de Proteção de Dados;SECRETARIA DE TECNOLOGIA DA INFORMAÇÃO;SECRETARIA DE TECNOLOGIA DA INFORMAÇÃO;Contratação de serviços de comunicação de dados 3G/4G.;1;Unidade;ANUAL;R$28.764,00;Contratação de serviços de internet móvel para prover redundância de comunicação de dados e suprir demandas como itinerantes e eleições, com fornecimento de dispositivos de comunicação de dados (Modem USB e Chips), em substituição ao Contrato TRE-GO nº 33/2020, que vence em 11/06/2025.;1;02/12/24;02/06/25;;;;;Sim;26344;COMUNICACAO DE DADOS E REDES EM GERAL;SERVIÇOS DE TECNOLOGIA DA INFORMAÇÃO E COMUNICAÇÃO - PJ;DESPESAS CORRENTES;NÃO;;;;;Serviços;CONTRATAÇÃO DE SERVIÇOS DE COMUNICAÇÃO DE DADOS 3G/4G;AJUSTES
2025;Ordinário;35. Implementar as iniciativas do PDTIC 2021-2026;OE10 - Fortalecer a Estratégia Nacional de TIC e de Proteção de Dados;SECRETARIA DE TECNOLOGIA DA INFORMAÇÃO;SECRETARIA DE TECNOLOGIA DA INFORMAÇÃO;Contratação de serviços de comunicação de dados Internet, para atender Zonas Eleitorais do interior do Estado e Sede.;1;Unidade;MENSAL;R$1.612.000,00;Contratação de serviços de internet dedicada para prover comunicação de dados entre este Tribunal, as ZEs de Goiás e os Postos de Atendimento ao Eleitor, em substituição ao Contrato TRE-GO nº 24/2020, que vence em 24/06/2025.;1;02/12/24;02/06/25;24;2020;24/06/25;0;Sim;26484;COMUNICACAO DE DADOS E REDES EM GERAL;SERVIÇOS DE TECNOLOGIA DA INFORMAÇÃO E COMUNICAÇÃO - PJ;DESPESAS CORRENTES;NÃO;;;;;Serviços;CONTRATAÇÃO DE SERVIÇOS DE COMUNICAÇÃO DE DADOS INTERNET;AJUSTES
2025;Ordinário;35. Implementar as iniciativas do PDTIC 2021-2026;OE10 - Fortalecer a Estratégia Nacional de TIC e de Proteção de Dados;SECRETARIA DE TECNOLOGIA DA INFORMAÇÃO;SECRETARIA DE TECNOLOGIA DA INFORMAÇÃO;Contratação de serviços de internet dedicada para prover comunicação de dados (Anápolis, Aparecida de Goiânia e Goiânia).;1;Unidade;MENSAL;R$152.900,00;Contratação de serviços de internet dedicada para prover comunicação de dados entre este Tribunal, as ZEs de Goiás e os Postos de Atendimento ao Eleitor, em substituição ao Contrato TRE-GO nº 26/2020, que vence em 10/06/2025.;1;02/12/24;02/06/25;26;2020;10/06/25;0;Sim;26484;COMUNICACAO DE DADOS E REDES EM GERAL;SERVIÇOS DE TECNOLOGIA DA INFORMAÇÃO E COMUNICAÇÃO - PJ;DESPESAS CORRENTES;NÃO;;;;;Serviços;CONTRATAÇÃO DE SERVIÇOS DE COMUNICAÇÃO DE DADOS INTERNET;AJUSTES
2025;Ordinário;15. Otimizar o atendimento às demandas dos usuários dos serviços da Justiça Eleitoral;OE07 - Aperfeiçoar a Gestão Administrativa e a Governança da Justiça Eleitoral;SECRETARIA JUDICIÁRIA;SECRETARIA JUDICIÁRIA;Atualização do acervo bibliográfico, em meio físico, da Biblioteca Valdo Teixeira;1;Unidade;ANUAL;R$22.000,00;Proporcionar acesso a informações atualizadas e diversificadas aos magistrados, servidores, estagiários e colaboradores da Justiça Eleitoral de Goiás.;1;03/03/25;03/09/25;;;;;Não;150002;COLECOES E MATERIAIS BIBLIOGRAFICOS;EQUIPAMENTOS E MATERIAL PERMANENTE;INVESTIMENTOS;NÃO;;;;;Fornecimento;AQUISIÇÃO DE LIVROS FÍSICOS;AJUSTES
2025;Ordinário;26. Aprimorar a Governança de Pessoas por meio da implementação do Plano de Gestão de Pessoa;OE08 - Aperfeiçoar a Gestão de Pessoas;SECRETARIA DE GESTÃO DE PESSOAS;SECRETARIA DE GESTÃO DE PESSOAS;Confecção de banners, blocos de anotações e pastas personalizados;1;Não se aplica;ANUAL;R$15.000,00;Utilização na promoção das ações de capacitação da SECAP.;3;01/07/24;01/01/25;;;;;Não;18422;MATERIAL DE EXPEDIENTE;MATERIAL DE CONSUMO;DESPESAS CORRENTES;NÃO;;;;;Serviços;CONTRATAÇÃO DE MATERIAIS DE IDENTIFICAÇÃO VISUAL PARA EVENTOS;AJUSTES
2025;Ordinário;26. Aprimorar a Governança de Pessoas por meio da implementação do Plano de Gestão de Pessoa;OE08 - Aperfeiçoar a Gestão de Pessoas;SECRETARIA DE GESTÃO DE PESSOAS;SECRETARIA DE GESTÃO DE PESSOAS;Contratação de empresa especializada para prestação de serviços de coffee-break, com elaboração e fornecimento de produtos alimentícios, além de bebidas, material e serviços de apoio.;1;Não se aplica;ANUAL;R$0,00;Necessidade de suporte às ações de capacitação.;3;01/07/24;01/01/25;;;;;Não;3697;FORNECIMENTO DE ALIMENTACAO;OUTROS SERVIÇOS DE TERCEIROS - PESSOA JURÍDICA;DESPESAS CORRENTES;NÃO;;;;;Serviços;CONTRATAÇÃO DE SERVIÇOS DE COFFEE-BREAK PARA AÇÕES DA SEÇÃO DE CAPACITAÇÃO;AJUSTES
2025;Ordinário;29. Aprimorar o Programa de Qualidade de Vida no Trabalho;OE08 - Aperfeiçoar a Gestão de Pessoas;SECRETARIA DE GESTÃO DE PESSOAS;SECRETARIA DE GESTÃO DE PESSOAS;Aquisição de apoio de teclado, apoio para pulso, apoio para mouse e descanso para os pés;900;Unidade;ANUAL;R$126.000,00;Aquisição de equipamento ergonômico para os servidores, com intuito de prevenir lesões.;3;01/07/24;01/01/25;;;;;Não;265483;APAR.EQUIP.UTENS.MED.,ODONT,LABOR.HOSPIT.;EQUIPAMENTOS E MATERIAL PERMANENTE;INVESTIMENTOS;NÃO;;;;;Fornecimento;AQUISIÇÃO DE EQUIPAMENTOS ERGONÔMICOS;AJUSTES
2025;Ordinário;32. Promover melhorias no processo da gestão orçamentária;OE09 - Aperfeiçoar a Gestão Orçamentária e Financeira;SECRETARIA DE ADMINISTRAÇÃO E ORÇAMENTO;SECRETARIA DE ADMINISTRAÇÃO E ORÇAMENTO;Prorrogação do Contrato 49/2024 - Prestação de serviços de manutenção preventiva e corretiva nos sistemas de climatização ambiental (equipamentos de ar-condicionado), com fornecimento parcial de peças, nos edifícios utilizados pela Justiça Eleitoral em Anápolis, Ap. de Goiânia, Inhumas, Itaberaí, Palmeiras de Goiás, Trindade, Iporá, Jataí, Mineiros, Rio Verde, Santa Helena, São Luís de Montes Belos, Águas Lindas, Campos Belos, Cristalina, Formosa, Luziânia, São Domingos, Valparaíso, Goianésia, Mozarlândia, Niquelândia, Porangatu e Uruaçu;1;Não se aplica;ANUAL;R$110.851,00;Garantir o bom funcionamento dos equipamentos, melhorando o ambiente de trabalho para servidores e atendimento ao público.;5;01/02/25;01/08/25;49;2024;02/09/25;1;Sim;2771;MANUT. E CONSERV. DE MAQUINAS E EQUIPAMENTOS;OUTROS SERVIÇOS DE TERCEIROS - PESSOA JURÍDICA;DESPESAS CORRENTES;NÃO;;;;;Serviços;CONTRATAÇÃO DE SERVIÇOS DE MANUTENÇÃO DE AR-CONDICIONADO;AJUSTES
2025;Ordinário;32. Promover melhorias no processo da gestão orçamentária;OE09 - Aperfeiçoar a Gestão Orçamentária e Financeira;SECRETARIA DE ADMINISTRAÇÃO E ORÇAMENTO;SECRETARIA DE ADMINISTRAÇÃO E ORÇAMENTO;Prorrogação do Contrato 50/2024 - Prestação de serviços de manutenção preventiva e corretiva nos sistemas de climatização ambiental (equipamentos de ar-condicionado), com fornecimento parcial de peças, nos edifícios utilizados pela Justiça Eleitoral em Bela Vista de Goiás, Buriti Alegre,Catalão, Ipameri, Itumbiara e Pires do Rio.;1;Não se aplica;ANUAL;R$37.243,00;Garantir o bom funcionamento dos equipamentos, melhorando o ambiente de trabalho para servidores e atendimento ao público.;5;01/02/25;01/08/25;50;2024;02/09/25;0;Sim;2771;MANUT. E CONSERV. DE MAQUINAS E EQUIPAMENTOS;OUTROS SERVIÇOS DE TERCEIROS - PESSOA JURÍDICA;DESPESAS CORRENTES;NÃO;;;;;Serviços;CONTRATAÇÃO DE SERVIÇOS DE MANUTENÇÃO DE AR-CONDICIONADO;AJUSTES
2025;Ordinário;32. Promover melhorias no processo da gestão orçamentária;OE09 - Aperfeiçoar a Gestão Orçamentária e Financeira;SECRETARIA DE ADMINISTRAÇÃO E ORÇAMENTO;SECRETARIA DE ADMINISTRAÇÃO E ORÇAMENTO;Prorrogação do Contrato 03/2022 - Prestação de serviços de manutenção preventiva e corretiva nos sistemas de climatização ambiental (equipamentos de ar-condicionado), com fornecimento parcial de peças, nos edifícios utilizados pela Justiça Eleitoral em Caldas novas, Goiás, Morrinhos e Piracanjuba;1;Não se aplica;ANUAL;R$17.388,00;Garantir o bom funcionamento dos equipamentos, melhorando o ambiente de trabalho para servidores e atendimento ao público.;5;22/08/24;22/02/25;03;2022;22/02/25;0;Sim;2271;MANUT. E CONSERV. DE MAQUINAS E EQUIPAMENTOS;OUTROS SERVIÇOS DE TERCEIROS - PESSOA JURÍDICA;DESPESAS CORRENTES;NÃO;;;;;Serviços;CONTRATAÇÃO DE SERVIÇOS DE MANUTENÇÃO DE AR-CONDICIONADO;AJUSTES
2025;Ordinário;32. Promover melhorias no processo da gestão orçamentária;OE09 - Aperfeiçoar a Gestão Orçamentária e Financeira;SECRETARIA DE ADMINISTRAÇÃO E ORÇAMENTO;SECRETARIA DE ADMINISTRAÇÃO E ORÇAMENTO;Prorrogação do Contrato 34/2024 - Prestação de serviços de análise da qualidade do ar para avaliação das condições da refrigeração de ar-condicionado central no Edifício Anexo III.;1;Não se aplica;ANUAL;R$8.414,00;Garantir que não exista microrganismos nocivos à saúde no ambiente climatizado por ar central.;5;27/07/24;27/01/25;01;2023;27/01/25;0;Sim;16500;SERVICOS TECNICOS PROFISSIONAIS;OUTROS SERVIÇOS DE TERCEIROS - PESSOA JURÍDICA;DESPESAS CORRENTES;NÃO;;;;;Serviços;CONTRATAÇÃO DE SERVIÇOS DE ANÁLISE DA QUALIDADE DO AR - PRORROGAÇÃO CONTRATUAL;AJUSTES
2025;Ordinário;32. Promover melhorias no processo da gestão orçamentária;OE09 - Aperfeiçoar a Gestão Orçamentária e Financeira;SECRETARIA DE ADMINISTRAÇÃO E ORÇAMENTO;SECRETARIA DE ADMINISTRAÇÃO E ORÇAMENTO;Prorrogação do Contrato 11/2022 - Prestação de serviços de telefonia fixa comutada (STFC) local para os edifícios sede, Anexo I e Anexo III.;1;Não se aplica;ANUAL;R$70.000,00;Garantir a comunicação com os edifícios da Justiça Eleitoral.;5;22/09/24;22/03/25;11;2022;22/03/25;1;Sim;26115;SERVICOS DE TELECOMUNICACOES;OUTROS SERVIÇOS DE TERCEIROS - PESSOA JURÍDICA;DESPESAS CORRENTES;NÃO;;;;;Serviços;CONTRATAÇÃO DE SERVIÇOS DE TELEFONIA FIXA - PRORROGAÇÃO CONTRATUAL;AJUSTES
2025;Ordinário;32. Promover melhorias no processo da gestão orçamentária;OE09 - Aperfeiçoar a Gestão Orçamentária e Financeira;SECRETARIA DE ADMINISTRAÇÃO E ORÇAMENTO;SECRETARIA DE ADMINISTRAÇÃO E ORÇAMENTO;Prorrogação do Contrato 50/2023 - Prestação de serviços de manutenção corretiva e preventiva, com fornecimento de peças, em elevadores instalados em Anápolis, Sede e Anexo II;1;Não se aplica;ANUAL;R$15.533,00;Garantir o correto funcionamento dos elevadores instalados garantindo a segurança dos usuários.;5;01/06/25;01/12/25;50;2023;01/12/24;0;Sim;16691;MANUT. E CONSERV. DE MAQUINAS E EQUIPAMENTOS;OUTROS SERVIÇOS DE TERCEIROS - PESSOA JURÍDICA;DESPESAS CORRENTES;NÃO;;;;;Serviços;CONTRATAÇÃO DE SERVIÇOS DE MANUTENÇÃO DE ELEVADORES - PRORROGAÇÃO CONTRATUAL;AJUSTES
2025;Ordinário;32. Promover melhorias no processo da gestão orçamentária;OE09 - Aperfeiçoar a Gestão Orçamentária e Financeira;SECRETARIA DE ADMINISTRAÇÃO E ORÇAMENTO;SECRETARIA DE ADMINISTRAÇÃO E ORÇAMENTO;Prorrogação do Contrato 88/2022 - Prestação de serviços de manutenção corretiva e preventiva, com fornecimento de peças, em elevadores instalados no Edifício Sede;1;Não se aplica;ANUAL;R$14.744,00;garantir o adequado funcionamento, bem como a segurança, dos elevadores instalados na sede.;5;16/06/25;16/12/25;88;2022;16/12/25;0;Sim;16691;MANUT. E CONSERV. DE MAQUINAS E EQUIPAMENTOS;OUTROS SERVIÇOS DE TERCEIROS - PESSOA JURÍDICA;DESPESAS CORRENTES;NÃO;;;;;Serviços;CONTRATAÇÃO DE SERVIÇOS DE MANUTENÇÃO DE ELEVADORES - PRORROGAÇÃO CONTRATUAL;AJUSTES
2025;Ordinário;32. Promover melhorias no processo da gestão orçamentária;OE09 - Aperfeiçoar a Gestão Orçamentária e Financeira;SECRETARIA DE ADMINISTRAÇÃO E ORÇAMENTO;SECRETARIA DE ADMINISTRAÇÃO E ORÇAMENTO;Prorrogação do Contrato 18/2022 - Prestação de serviços de manutenção corretiva e preventiva, com fornecimento de peças, em elevadores instalados no Edifício Ialba.;1;Não se aplica;ANUAL;R$23.253,00;garantir a segurança dos usuários e o bom funcionamento dos elevadores.;5;22/09/24;22/03/25;18;2022;22/03/25;0;Sim;16691;MANUT. E CONSERV. DE MAQUINAS E EQUIPAMENTOS;OUTROS SERVIÇOS DE TERCEIROS - PESSOA JURÍDICA;DESPESAS CORRENTES;NÃO;;;;;Serviços;CONTRATAÇÃO DE SERVIÇOS DE MANUTENÇÃO DE ELEVADORES - PRORROGAÇÃO CONTRATUAL;AJUSTES
2025;Ordinário;32. Promover melhorias no processo da gestão orçamentária;OE09 - Aperfeiçoar a Gestão Orçamentária e Financeira;SECRETARIA DE ADMINISTRAÇÃO E ORÇAMENTO;SECRETARIA DE ADMINISTRAÇÃO E ORÇAMENTO;Prorrogação do Contrato 104/2022 - Prestação de serviços de manutenção preventiva e corretiva na central telefônica instalada na Sede/Anexo I;1;Não se aplica;ANUAL;R$80.840,00;Garantir a comunicação entre as diversas localidades desta Regional.;5;27/01/25;27/07/25;104;2022;27/07/25;0;Sim;27120;MANUT. E CONSERV. DE MAQUINAS E EQUIPAMENTOS;OUTROS SERVIÇOS DE TERCEIROS - PESSOA JURÍDICA;DESPESAS CORRENTES;NÃO;;;;;Serviços;CONTRATAÇÃO DE SERVIÇOS DE MANUTENÇÃO DE CENTRAL TELEFÔNICA - PRORROGAÇÃO CONTRATUAL;AJUSTES
2025;Ordinário;32. Promover melhorias no processo da gestão orçamentária;OE09 - Aperfeiçoar a Gestão Orçamentária e Financeira;SECRETARIA DE ADMINISTRAÇÃO E ORÇAMENTO;SECRETARIA DE ADMINISTRAÇÃO E ORÇAMENTO;Contratação de empresa especializada para manutenção corretiva e preventiva na rede de fibra ótica que liga o Edifício Sede ao Edifício Anexo II.;1;Não se aplica;ANUAL;R$34.131,00;garantir a correta transmissão de dados entre a sede e anexo II;5;18/12/24;18/06/25;;;;;Sim;19690;SERVICOS TECNICOS PROFISSIONAIS;OUTROS SERVIÇOS DE TERCEIROS - PESSOA JURÍDICA;DESPESAS CORRENTES;NÃO;;;2023;;Serviços;CONTRATAÇÃO DE SERVIÇOS DE MANUTENÇÃO DE REDE DE FIBRA ÓPTICA;AJUSTES
2025;Ordinário;32. Promover melhorias no processo da gestão orçamentária;OE09 - Aperfeiçoar a Gestão Orçamentária e Financeira;SECRETARIA DE ADMINISTRAÇÃO E ORÇAMENTO;SECRETARIA DE ADMINISTRAÇÃO E ORÇAMENTO;Aquisição de aparelhos de ar-condicionado para o interior.;1;Unidade;Não se Aplica;R$210.000,00;Substituição de ar-condicionado inservíveis ou com consumo elétrico muito elevado.;5;30/06/25;30/12/25;;;;;Não;397100;MAQUINAS E EQUIPAMENTOS ENERGETICOS;EQUIPAMENTOS E MATERIAL PERMANENTE;INVESTIMENTOS;NÃO;;;;;Fornecimento;AQUISIÇÃO E INSTALAÇÃO DE AR-CONDICIONADO;AJUSTES
2025;Ordinário;35. Implementar as iniciativas do PDTIC 2021-2026;OE10 - Fortalecer a Estratégia Nacional de TIC e de Proteção de Dados;SECRETARIA DE TECNOLOGIA DA INFORMAÇÃO;SECRETARIA DE TECNOLOGIA DA INFORMAÇÃO;Prorrogação Contrato 04/2023 - fornecimento de sistema de Atendimento Digital Multicanal através da internet com recursos de atendimento humano e automatizado (chatbot).;1;Unidade;ANUAL;R$350.000,00;Manutenção do CT 04/2023, que trata fornecimento de Sistema de Atendimento Digital Multicanal através da Internet com recursos de atendimento humano e automatizado (chatbot), para atender as Zonas Eleitorais.;1;31/07/24;31/01/25;04;2023;01/02/25;1;Sim;27502;LOCACAO DE SOFTWARES;SERVIÇOS DE TECNOLOGIA DA INFORMAÇÃO E COMUNICAÇÃO - PJ;DESPESAS CORRENTES;NÃO;;;;;Serviços;FORNECIMENTO DE SISTEMA DE ATENDIMENTO DIGITAL MULTICANAL ATRAVÉS DA INTERNET COM RECURSOS DE ATENDIMENTO HUMANO E AUTOMATIZADO (CHATBOT). PRORROGAÇÃO CONTRATUAL;AJUSTES
2025;Ordinário;15. Otimizar o atendimento às demandas dos usuários dos serviços da Justiça Eleitoral;OE07 - Aperfeiçoar a Gestão Administrativa e a Governança da Justiça Eleitoral;SECRETARIA JUDICIÁRIA;SECRETARIA JUDICIÁRIA;Manutenção e ampliação do acervo da Biblioteca Digital Fórum de Livros e renovação da Coleção Jacoby.;1;Não se aplica;ANUAL;R$200.000,00;Proporcionar acesso a informações atualizadas e diversificadas aos magistrados,  servidores, estagiários e colaboradores da Justiça Eleitoral de Goiás.;1;07/01/25;07/07/25;28 e 29;2023;26/08/24;0;Não;23108;COLECOES E MATERIAIS BIBLIOGRAFICOS;EQUIPAMENTOS E MATERIAL PERMANENTE;INVESTIMENTOS;NÃO;;;;;Fornecimento;ATUALIZAÇÃO E AMPLIAÇÃO DA ASSINATURA DA BIBLIOTECA DIGITAL FÓRUM DE LIVROS;AJUSTES
2025;Ordinário;15. Otimizar o atendimento às demandas dos usuários dos serviços da Justiça Eleitoral;OE07 - Aperfeiçoar a Gestão Administrativa e a Governança da Justiça Eleitoral;SECRETARIA JUDICIÁRIA;SECRETARIA JUDICIÁRIA;Manutenção de Contrato firmando com empresa especializada em prestação de serviços de História (CBO 2035-20), visando a adoção de ações e práticas de preservação, valorização e divulgação da história contida nos documentos, processos, arquivos, bibliotecas, museus, memoriais, personalidades, objetos e imóveis do Poder Judiciário, abarcando iniciativas direcionadas à pesquisa, à conservação, à restauração, à elaboração de planos e projetos sobre a Memória da Justiça Eleitoral de Goiás, conforme  Resolução CNJ nº 324, de 30 de junho de 2020.;1;Postos;ANUAL;R$130.000,00;"Inexistência de cargo  da especialidade ""História"" no quadro de pessoal e a necessidade de dar continuidade à política de Gestão da Memória instituída pela Resolução TRE-GO nº 366/2022 e Resolução CNJ nº 324/2020";1;10/09/25;10/03/26;79;2022;10/03/26;1;Sim;14036;APOIO ADMINISTRATIVO, TECNICO E OPERACIONAL;LOCAÇÃO DE MÃO-DE-OBRA;DESPESAS CORRENTES;NÃO;;;24.0.00000;2024;Serviços;CONTRATAÇÃO DE SERVIÇOS DE APOIO ADMINISTRATIVO NA ÁREA DE HISTORIA - PRORROGAÇÃO CONTRATUAL;AJUSTES
2025;Ordinário;15. Otimizar o atendimento às demandas dos usuários dos serviços da Justiça Eleitoral;OE07 - Aperfeiçoar a Gestão Administrativa e a Governança da Justiça Eleitoral;SECRETARIA JUDICIÁRIA;SECRETARIA JUDICIÁRIA;Contratação de dois postos de trabalho de arquivista para tratamento do acervo do Arquivo Geral do TRE-GO.;2;Postos;ANUAL;R$390.000,00;"Inexistência de cargo da especialidade ""Arquivologia"" no quadro de pessoal do TRE-GO e a necessidade de dar continuidade à política de Gestão Documental instituída pela Resolução TRE-GO nº 366/2022.";1;05/12/25;05/06/26;23;2019;06/06/24;0;Sim;14036;APOIO ADMINISTRATIVO, TECNICO E OPERACIONAL;LOCAÇÃO DE MÃO-DE-OBRA;DESPESAS CORRENTES;NÃO;;;23.0.00001;2023;Serviços;CONTRATAÇÃO DE SERVIÇOS DE APOIO ADMINISTRATIVO NA ÁREA DE ARQUIVOLOGIA - PRORROGAÇÃO CONTRATUAL;AJUSTES
2025;Ordinário;32. Promover melhorias no processo da gestão orçamentária;OE09 - Aperfeiçoar a Gestão Orçamentária e Financeira;SECRETARIA DE ADMINISTRAÇÃO E ORÇAMENTO;SECRETARIA DE ADMINISTRAÇÃO E ORÇAMENTO;Manutenção de 2º nível com eventual fornecimento de peças dos extintores de incêndio pertencentes ao TRE-GO.;1;Não se aplica;ANUAL;R$0,00;Manutenção e recarga de todos os extintores do Tribunal, para permitir renovação ou solicitação de CERCON junto ao CBM-GO.;4;31/03/25;01/10/25;;;;;Não;3662;MANUT. E CONSERV. DE MAQUINAS E EQUIPAMENTOS;OUTROS SERVIÇOS DE TERCEIROS - PESSOA JURÍDICA;DESPESAS CORRENTES;NÃO;;.;;;Serviços;CONTRATAÇÃO DE SERVIÇOS DE MANUTENÇÃO E RECARGA DE EXTINTORES;AJUSTES
2025;Ordinário;32. Promover melhorias no processo da gestão orçamentária;OE09 - Aperfeiçoar a Gestão Orçamentária e Financeira;SECRETARIA DE ADMINISTRAÇÃO E ORÇAMENTO;SECRETARIA DE ADMINISTRAÇÃO E ORÇAMENTO;Contratação de empresa especializada para manutenção no sistema de combate a incêndio e SPDA dos Edifícios Sede e Anexos I, II e III.;1;Não se aplica;ANUAL;R$50.000,00;Manutenção dos sistemas de combate a incêndio dos prédios da capital, garantindo adequado funcionamento e para permitir renovação ou solicitação de CERCON junto ao CBM-GO;4;31/03/25;01/10/25;;;;;Sim;21822;MANUT. E CONSERV. DE MAQUINAS E EQUIPAMENTOS;OUTROS SERVIÇOS DE TERCEIROS - PESSOA JURÍDICA;DESPESAS CORRENTES;NÃO;;;;;Serviços;CONTRATAÇÃO DE SERVIÇOS DE MANUTENÇÃO DO SISTEMA DE COMBATE A INCÊNDIO DOS PRÉDIOS DO TRIBUNAL;AJUSTES
2025;Ordinário;32. Promover melhorias no processo da gestão orçamentária;OE09 - Aperfeiçoar a Gestão Orçamentária e Financeira;SECRETARIA DE ADMINISTRAÇÃO E ORÇAMENTO;SECRETARIA DE ADMINISTRAÇÃO E ORÇAMENTO;Prorrogação do Contrato 15/2021 - Locação, instalação e manutenção de 02 (dois) no-breaks de 40 kva e 01 (um) no-break de 60kva, incluindo banco de baterias, instalados nos Edifícios Anexo I e Anexo II.;1;Não se aplica;ANUAL;R$69.358,00;Garantir o fornecimento ininterrupto de energia estabilizada para os equipamentos de informática do prédio.;5;17/01/25;17/07/25;15;2021;21/06/25;0;Sim;22233;LOCACAO DE MAQUINAS E EQUIPAMENTOS;OUTROS SERVIÇOS DE TERCEIROS - PESSOA JURÍDICA;DESPESAS CORRENTES;NÃO;;;;;Serviços;LOCACAO, INSTALACAO E MANUTENCAO DE NO-BREAKS;AJUSTES
2025;Ordinário;32. Promover melhorias no processo da gestão orçamentária;OE09 - Aperfeiçoar a Gestão Orçamentária e Financeira;SECRETARIA DE ADMINISTRAÇÃO E ORÇAMENTO;SECRETARIA DE ADMINISTRAÇÃO E ORÇAMENTO;Prorrogação do Contrato 26/2022 - Locação, instalação e manutenção de 02 (dois) no-breaks de 60 kva, incluindo banco de baterias, instalados no Edifício Anexo III;1;Não se aplica;ANUAL;R$80.098,00;Garantir o fornecimento ininterrupto de energia estabilizada para os equipamentos de informática do prédio.;5;05/11/24;05/05/25;26;2022;05/05/25;0;Sim;22233;LOCACAO DE MAQUINAS E EQUIPAMENTOS;OUTROS SERVIÇOS DE TERCEIROS - PESSOA JURÍDICA;DESPESAS CORRENTES;NÃO;;;;;Serviços;LOCACAO, INSTALACAO E MANUTENCAO DE NO-BREAKS;AJUSTES
2025;Ordinário;32. Promover melhorias no processo da gestão orçamentária;OE09 - Aperfeiçoar a Gestão Orçamentária e Financeira;SECRETARIA DE ADMINISTRAÇÃO E ORÇAMENTO;SECRETARIA DE ADMINISTRAÇÃO E ORÇAMENTO;Contratação de empresa especializada na prestação de serviços de manutenção preventiva e corretiva de grupo gerador do prédio Anexo I;1;Não se aplica;ANUAL;R$51.071,00;Garantir o correto funcionamento de grupo gerador fornecendo energia elétrica para o devido funcionamento dos equipamentos.;4;30/01/25;30/07/25;;;;;Sim;19810;MANUT. E CONSERV. DE MAQUINAS E EQUIPAMENTOS;OUTROS SERVIÇOS DE TERCEIROS - PESSOA JURÍDICA;DESPESAS CORRENTES;NÃO;;;;;Serviços;CONTRATAÇÃO DE SERVIÇOS DE MANUTENÇÃO PREVENTIVA E CORRETIVA DE GRUPO GERADOR;AJUSTES
2025;Ordinário;32. Promover melhorias no processo da gestão orçamentária;OE09 - Aperfeiçoar a Gestão Orçamentária e Financeira;SECRETARIA DE ADMINISTRAÇÃO E ORÇAMENTO;SECRETARIA DE ADMINISTRAÇÃO E ORÇAMENTO;Contratação de empresa especializada na prestação de serviços de manutenção preventiva e corretiva de grupo gerador do prédio Anexo II.;1;Não se aplica;ANUAL;R$42.780,00;Garantir o correto funcionamento do grupo gerador para garantir fornecimento elétrica.;4;19/12/24;19/06/25;24;2022;08/04/25;0;Sim;19810;MANUT. E CONSERV. DE MAQUINAS E EQUIPAMENTOS;OUTROS SERVIÇOS DE TERCEIROS - PESSOA JURÍDICA;DESPESAS CORRENTES;NÃO;;;;;Serviços;CONTRATAÇÃO DE SERVIÇOS DE MANUTENÇÃO PREVENTIVA E CORRETIVA DE GRUPO GERADOR;AJUSTES
2025;Ordinário;32. Promover melhorias no processo da gestão orçamentária;OE09 - Aperfeiçoar a Gestão Orçamentária e Financeira;SECRETARIA DE ADMINISTRAÇÃO E ORÇAMENTO;SECRETARIA DE ADMINISTRAÇÃO E ORÇAMENTO;Aquisição de Cortinas Rolô para substituição de persianas danificadas nos cartórios eleitorais;1;Não se aplica;Não se Aplica;R$80.000,00;Necessidade de substituição das persianas dos prédios que serão reformados em 2024 e 2025. As persianas existentes encontram-se em péssimo estado de conservação, não sendo possível sua manutenção.;3;31/01/25;31/07/25;;;;;Não;5819;MOBILIARIO EM GERAL;EQUIPAMENTOS E MATERIAL PERMANENTE;INVESTIMENTOS;NÃO;;;;;Fornecimento;AQUISIÇÃO DE CORTINAS DO TIPO ROLÔ;AJUSTES
2025;Ordinário;32. Promover melhorias no processo da gestão orçamentária;OE09 - Aperfeiçoar a Gestão Orçamentária e Financeira;SECRETARIA DE ADMINISTRAÇÃO E ORÇAMENTO;SECRETARIA DE ADMINISTRAÇÃO E ORÇAMENTO;Aquisição de materiais elétricos, tintas, molas e outros para manutenção nos prédios do TRE-GO;01;Não se aplica;ANUAL;R$100.000,00;Necessidade de aquisição de materiais diversos de manutenção, tais como materiais elétricos, tintas, ferragens, materiais hidráulicos e outros. O valor de material do contrato ordinário de manutenção predial não tem sido suficiente para atendimento das demandas.;4;01/02/25;01/08/25;;;;;Não;468579;MATERIAL ELETRICO E ELETRONICO;MATERIAL DE CONSUMO;DESPESAS CORRENTES;NÃO;;.;;;Fornecimento;AQUISIÇÃO DE MATERIAIS DIVERSOS PARA MANUTENÇÃO PREDIAL;AJUSTES
2025;Ordinário;32. Promover melhorias no processo da gestão orçamentária;OE09 - Aperfeiçoar a Gestão Orçamentária e Financeira;SECRETARIA DE ADMINISTRAÇÃO E ORÇAMENTO;SECRETARIA DE ADMINISTRAÇÃO E ORÇAMENTO;Fornecimento e instalação de protetor perimetral em concertina galvanizada de 45 cm para os prédios dos cartórios eleitorais;01;Não se aplica;ANUAL;R$0,00;Substituir as cercas elétricas hoje instaladas, tendo em vista que são de difícil manutenção. Na maioria das localidades, as cercas elétricas são danificadas e se tornam inoperantes por diversas situações que não são passíveis de controle ou eliminação por intervenção técnica, como por exemplo a existência de árvores nas proximidades dos muros, a presença de animais que se movimentam sobre os muros, as fortes intempéries acometidas (ventanias e chuvas) e as oscilações constantes no fornecimento de energia elétrica pela Distribuidora Equatorial.;3;30/10/24;30/04/25;;;;;Não;480048;INSTALACOES;OBRAS E INSTALAÇÕES;INVESTIMENTOS;NÃO;;.;;;Fornecimento;AQUISIÇÃO E INSTALAÇÃO DE CONCERTINA;AJUSTES
2025;Ordinário;32. Promover melhorias no processo da gestão orçamentária;OE09 - Aperfeiçoar a Gestão Orçamentária e Financeira;SECRETARIA DE ADMINISTRAÇÃO E ORÇAMENTO;SECRETARIA DE ADMINISTRAÇÃO E ORÇAMENTO;Adequação do Quadro Elétrico Geral de baixa tensão do Prédio Anexo II - Setor Aeroporto, Goiânia;1;Não se aplica;ANUAL;R$0,00;Necessidade de modernização e adequação às normas vigentes do Quadro Geral Elétrico de baixa tensão do prédio Anexo II, com substituição de todos os seus elementos, visando garantir segurança e fornecimento elétrico.;3;20/12/24;20/06/25;;;;;Não;5606;OBRAS E INSTALACOES;OBRAS E INSTALAÇÕES;INVESTIMENTOS;NÃO;;;;;Serviços;OBRAS, REFORMAS  E SERVIÇOS DE ENGENHARIA;AJUSTES
2025;Ordinário;32. Promover melhorias no processo da gestão orçamentária;OE09 - Aperfeiçoar a Gestão Orçamentária e Financeira;SECRETARIA DE ADMINISTRAÇÃO E ORÇAMENTO;SECRETARIA DE ADMINISTRAÇÃO E ORÇAMENTO;Reforma dos reservatórios metálicos de água potável dos prédios do interior;1;Não se aplica;ANUAL;R$0,00;Alguns reservatórios metálicos ao longo do tempo começam a apresentar pontos de oxidação interna e externa nas suas paredes, necessitando de manutenção para prolongamento do seu tempo de uso;4;13/12/24;13/06/25;;;;;Não;13595;INSTALACOES;OBRAS E INSTALAÇÕES;INVESTIMENTOS;NÃO;;;;;Serviços;OBRAS, REFORMAS  E SERVIÇOS DE ENGENHARIA;AJUSTES
2025;Ordinário;32. Promover melhorias no processo da gestão orçamentária;OE09 - Aperfeiçoar a Gestão Orçamentária e Financeira;SECRETARIA DE ADMINISTRAÇÃO E ORÇAMENTO;SECRETARIA DE ADMINISTRAÇÃO E ORÇAMENTO;Execução de gaiola para as escadas de acesso dos reservatórios metálicos e escadas do tipo marinheiro para acesso aos telhados dos depósitos de urna;1;Não se aplica;ANUAL;R$0,00;Necessidade de proteção para as escadas existentes nos reservatórios metálicos, e confecção de escada para acesso ao telhado dos depósitos de urnas dos prédios de Rio Verde, Jataí, Formosa, Luziânia, Itumbiara e Aparecida de Goiânia;4;13/12/24;13/06/25;;;;;Não;20117;INSTALACOES;OBRAS E INSTALAÇÕES;INVESTIMENTOS;NÃO;;;;;Serviços;OBRAS, REFORMAS  E SERVIÇOS DE ENGENHARIA;AJUSTES
2025;Ordinário;32. Promover melhorias no processo da gestão orçamentária;OE09 - Aperfeiçoar a Gestão Orçamentária e Financeira;SECRETARIA DE ADMINISTRAÇÃO E ORÇAMENTO;SECRETARIA DE ADMINISTRAÇÃO E ORÇAMENTO;Ampliação e teste dos dispositivos de ancoragem do prédio Anexo I;1;Não se aplica;ANUAL;R$20.000,00;Necessidade de ampliar o número de dispositivos de ancoragem no prédio Anexo I, para execução de serviços em altura, e testagem de capacidade de carga dos dispositivos já instalados;3;13/12/24;13/06/25;;;;;Não;22020;INSTALACOES;OBRAS E INSTALAÇÕES;INVESTIMENTOS;NÃO;;;;;Serviços;OBRAS, REFORMAS  E SERVIÇOS DE ENGENHARIA;AJUSTES
2025;Ordinário;17. Aperfeiçoar a Gestão de Contratações na Justiça Eleitoral;OE07 - Aperfeiçoar a Gestão Administrativa e a Governança da Justiça Eleitoral;COMISSÃO PERMANENTE DE LICITAÇÃO;COMISSÃO PERMANENTE DE LICITAÇÃO;Contratação de empresa para prestação de serviços de publicidade legal visando a veiculação de aviso de licitação em jornal de grande circulação local/regional;40;Unidade;UNITÁRIO;R$65.700,00;Contratação destinada a atender as disposições da Lei nº 14.133/2021 (art. 54, §1º), referentes à publicação de extratos de edital em jornal diário de grande circulação local/regional.;1;01/05/25;01/11/25;85;2020;23/11/25;0;Sim;4227;SERVICOS DE PUBLICIDADE LEGAL;OUTROS SERVIÇOS DE TERCEIROS - PESSOA JURÍDICA;DESPESAS CORRENTES;NÃO;;;;;Serviços;CONTRATAÇÃO DE SERVIÇO DE PUBLICIDADE LEGAL - PRORROGAÇÃO CONTRATUAL;AJUSTES
2025;Ordinário;17. Aperfeiçoar a Gestão de Contratações na Justiça Eleitoral;OE07 - Aperfeiçoar a Gestão Administrativa e a Governança da Justiça Eleitoral;COMISSÃO PERMANENTE DE LICITAÇÃO;COMISSÃO PERMANENTE DE LICITAÇÃO;Assinatura da Plataforma Sollicita Pro (Plano Ouro) para informações na área de licitações e contratos administrativos, jurisprudência selecionada e doutrina, com acesso a consultoria por escrito a dúvidas suscitadas no decorrer do desenvolvimento dos serviços.;1;Unidade;UNITÁRIO;R$10.694,00;Dotar os servidores que atual na área de licitações e contratos administrativos de informações atualizadas sobre o tema.;3;01/03/25;01/09/25;;;;;Não;795;ASSINATURAS DE PERIODICOS E ANUIDADES;OUTROS SERVIÇOS DE TERCEIROS - PESSOA JURÍDICA;DESPESAS CORRENTES;NÃO;;;;;Serviços;ASSINATURA DA PLATAFORMA SOLLICITA PRO (PLANO OURO);AJUSTES
2025;Ordinário;17. Aperfeiçoar a Gestão de Contratações na Justiça Eleitoral;OE07 - Aperfeiçoar a Gestão Administrativa e a Governança da Justiça Eleitoral;COMISSÃO PERMANENTE DE LICITAÇÃO;COMISSÃO PERMANENTE DE LICITAÇÃO;Assinatura das soluções Zênite (Zênite Fácil e Orientação por escrito em licitações e contratos);12;Unidade;UNITÁRIO;R$21.828,00;Dotar os servidores que atuam na área de licitações e contratos administrativos de informações atualizadas sobre o tema.;3;01/03/25;01/09/25;;;;;Não;795;ASSINATURAS DE PERIODICOS E ANUIDADES;OUTROS SERVIÇOS DE TERCEIROS - PESSOA JURÍDICA;DESPESAS CORRENTES;NÃO;;;;;Serviços;ASSINATURA DAS SOLUÇÕES ZÊNITE (ZÊNITE FÁCIL E ORIENTAÇÕES POR ESCRITO EM LICITAÇÕES E CONTRATOS;AJUSTES
2025;Ordinário;32. Promover melhorias no processo da gestão orçamentária;OE09 - Aperfeiçoar a Gestão Orçamentária e Financeira;SECRETARIA DE ADMINISTRAÇÃO E ORÇAMENTO;SECRETARIA DE ADMINISTRAÇÃO E ORÇAMENTO;Renovação do Contrato 06/2024 - Locação de imóvel para abrigar a 34ª Zona Eleitoral de Goiás - Anicuns.;1;Não se aplica;ANUAL;R$12.554,00;Fornecer infraestrutura para o funcionamento do cartório eleitoral de Anicúns.;5;28/08/24;28/02/25;006;2024;28/02/25;1;Sim;4316;LOCACAO DE IMOVEIS;OUTROS SERVIÇOS DE TERCEIROS - PESSOA FÍSICA;DESPESAS CORRENTES;NÃO;;;;;Fornecimento;LOCAÇÃO DE IMÓVEIS;AJUSTES
2025;Ordinário;32. Promover melhorias no processo da gestão orçamentária;OE09 - Aperfeiçoar a Gestão Orçamentária e Financeira;SECRETARIA DE ADMINISTRAÇÃO E ORÇAMENTO;SECRETARIA DE ADMINISTRAÇÃO E ORÇAMENTO;Contratação de seguro predial das edificações próprias do TRE/GO.;1;Não se aplica;ANUAL;R$56.024,00;Resguardar patrimônio público, prevenindo contra danos e sinistros.;5;30/06/25;30/12/25;61;2023;31/12/24;0;Sim;13943;SEGUROS EM GERAL;OUTROS SERVIÇOS DE TERCEIROS - PESSOA JURÍDICA;DESPESAS CORRENTES;NÃO;;;;;Serviços;CONTRATAÇÃO DE COBERTURA SECURITÁRIA;AJUSTES
2025;Ordinário;32. Promover melhorias no processo da gestão orçamentária;OE09 - Aperfeiçoar a Gestão Orçamentária e Financeira;SECRETARIA DE ADMINISTRAÇÃO E ORÇAMENTO;SECRETARIA DE ADMINISTRAÇÃO E ORÇAMENTO;Serviços de manutenção e conservação de jardins com fornecimento de insumos  dos Edfícios Sede/Anexo I e Anexos II e III (contrato 85/2022);01;Não se aplica;ANUAL;R$73.765,00;Garantir o bom estado dos jardins dos prédios da justiça eleitoral de Goiás.;3;05/05/25;05/11/25;85;2022;05/11/25;0;Sim;24325;LIMPEZA E CONSERVACAO;OUTROS SERVIÇOS DE TERCEIROS - PESSOA JURÍDICA;DESPESAS CORRENTES;NÃO;;;;;Serviços;CONTRATAÇÃO DE SERVIÇOS DE MANUTENÇÃO E CONSERVAÇÃO DE JARDINS - PRORROGAÇÃO CONTRATUAL;AJUSTES
2025;Ordinário;32. Promover melhorias no processo da gestão orçamentária;OE09 - Aperfeiçoar a Gestão Orçamentária e Financeira;SECRETARIA DE ADMINISTRAÇÃO E ORÇAMENTO;SECRETARIA DE ADMINISTRAÇÃO E ORÇAMENTO;Serviços de manutenção e conservação de jardins com fornecimento de insumos  dos  Edfícios dos Cartórios de Goiás, Inhumas, Itaberaí, Morrinhos, Pires do Rio, Trindade, Uruaçu, Santa Helena, Goianésia, Mozarlândia e Jataí. (ct 71/2022).;01;Não se aplica;ANUAL;R$279.796,00;Garantir o bom estado dos jardins dos prédios da justiça eleitoral de goiás.;3;13/03/25;13/09/25;71;2022;13/09/25;0;Sim;24325;LIMPEZA E CONSERVACAO;OUTROS SERVIÇOS DE TERCEIROS - PESSOA JURÍDICA;DESPESAS CORRENTES;NÃO;;;;;Serviços;CONTRATAÇÃO DE SERVIÇOS DE MANUTENÇÃO E CONSERVAÇÃO DE JARDINS - PRORROGAÇÃO CONTRATUAL;AJUSTES
2025;Ordinário;1. Promover ações esclarecendo a importância do regime democrático e do sistema eletrônico de votação;OE01 - Garantir os Direitos da Cidadania;ASSESSORIA DE IMPRENSA E COMUNICAÇÃO SOCIAL;ASSESSORIA DE IMPRENSA E COMUNICAÇÃO SOCIAL;Contratação de palestrante com o objetivo de promover assuntos com temática eleitoral no contexto do combate à desinformação;1;Diária;ANUAL;R$0,00;Busca-se fortalecer a relação institucional da Justiça Eleitoral com a sociedade por meio da adoção de estratégias de comunicação e de procedimentos objetivos, ágeis e em linguagem de fácil compreensão, visando à transparência e ao fortalecimento da Justiça Eleitoral como instituição garantidora da legitimidade do processo eleitoral.;2;28/02/25;28/08/25;;;;;Não;20656;APOIO ADMINISTRATIVO, TECNICO E OPERACIONAL;OUTROS SERVIÇOS DE TERCEIROS - PESSOA JURÍDICA;INVESTIMENTOS;NÃO;;;;;Serviços;CONTRATAÇÃO DE PALESTRANTE;AJUSTES
2025;Ordinário;15. Otimizar o atendimento às demandas dos usuários dos serviços da Justiça Eleitoral;OE07 - Aperfeiçoar a Gestão Administrativa e a Governança da Justiça Eleitoral;ASSESSORIA DE IMPRENSA E COMUNICAÇÃO SOCIAL;ASSESSORIA DE IMPRENSA E COMUNICAÇÃO SOCIAL;Contratação, mediante registro de preços, de empresa especializada para prestação de serviços de buffet, por demanda,com elaboração e fornecimento de produtos alimentícios, além de bebidas, material e serviços de apoio, para suporte aos eventos institucionais do TRE-GO.;3350;Diária;ANUAL;R$147.800,00;Trata-se de demanda decorrente dos eventos institucionais, que, muitas vezes, ultrapassam duas horas de duração, que contam com a presença dos juízes-membros, autoridades de outros Poderes, servidores, imprensa, e demandam a necessidade de alimentação e hidratação dos participantes.;1;28/02/25;28/08/25;21;2023;12/09/24;1;Não;12807;SERV. DE APOIO ADMIN., TECNICO E OPERACIONAL;OUTROS SERVIÇOS DE TERCEIROS - PESSOA JURÍDICA;DESPESAS CORRENTES;NÃO;;;3948-5;2024;Fornecimento;CONTRATAÇÃO DE SERVIÇOS DE BUFFET;AJUSTES
2025;Ordinário;32. Promover melhorias no processo da gestão orçamentária;OE09 - Aperfeiçoar a Gestão Orçamentária e Financeira;SECRETARIA DE ADMINISTRAÇÃO E ORÇAMENTO;SECRETARIA DE ADMINISTRAÇÃO E ORÇAMENTO;Prorrogação do Contrato 19/2024 - Prestação de serviços de controle sanitário integrado no combate a vetores e pragas urbanas, compreendendo a desinsetização, desratização e descupinização dos imóveis próprios da JE-GO e Edifício Anexo III.;1;Não se aplica;ANUAL;R$43.723,00;Manter as edificações livres de pragas mantendo ambiente salubre.;4;30/06/25;30/12/25;;;;;Sim;3417;LIMPEZA E CONSERVACAO;OUTROS SERVIÇOS DE TERCEIROS - PESSOA JURÍDICA;DESPESAS CORRENTES;NÃO;;;;;Serviços;CONTRATAÇÃO DE SERVIÇOS DE DEDETIZAÇÃO - PRORROGAÇÃO CONTRATUAL;AJUSTES
2025;Ordinário;32. Promover melhorias no processo da gestão orçamentária;OE09 - Aperfeiçoar a Gestão Orçamentária e Financeira;SECRETARIA DE ADMINISTRAÇÃO E ORÇAMENTO;SECRETARIA DE ADMINISTRAÇÃO E ORÇAMENTO;Prorrogação do Contrato 08/2023 - Prestação serviços contínuos de coleta, transporte e descarte de resíduos sólidos classe 2, de acordo com a NORMA NBR 10004/04 da ABNT, gerados nos Edifícios Sede e Anexos I, II e III.;1;Não se aplica;ANUAL;R$16.000,00;Manter a boa apresentação, higiene e limpeza das edificações.;4;01/09/24;01/03/25;08;2023;01/03/25;0;Sim;14265;LIMPEZA E CONSERVACAO;OUTROS SERVIÇOS DE TERCEIROS - PESSOA JURÍDICA;DESPESAS CORRENTES;NÃO;;;;;Serviços;CONTRATAÇÃO DE SERVIÇOS DE COLETA E DESCARTE DE RESÍDUOS SÓLIDOS - PRORROGAÇÃO CONTRATUAL;AJUSTES
2025;Ordinário;32. Promover melhorias no processo da gestão orçamentária;OE09 - Aperfeiçoar a Gestão Orçamentária e Financeira;SECRETARIA DE ADMINISTRAÇÃO E ORÇAMENTO;SECRETARIA DE ADMINISTRAÇÃO E ORÇAMENTO;Serviços contínuos de limpeza e conservação do cartórios de Goianésia, Inhumas, Ipameri, Itaberai, Mozarlândia, Morrinhos, Santa Helena de Goiás e Trindade.;1;Não se aplica;ANUAL;R$287.000,00;Manter a boa apresentação, limpeza e higiene das edificações.;5;17/06/25;17/12/25;87;2020;17/12/25;0;Sim;24023;LIMPEZA E CONSERVACAO;OUTROS SERVIÇOS DE TERCEIROS - PESSOA JURÍDICA;DESPESAS CORRENTES;NÃO;;;;;Serviços;CONTRATAÇÃO DE SERVIÇOS DE LIMPEZA E CONSERVAÇÃO;AJUSTES
2025;Ordinário;32. Promover melhorias no processo da gestão orçamentária;OE09 - Aperfeiçoar a Gestão Orçamentária e Financeira;SECRETARIA DE ADMINISTRAÇÃO E ORÇAMENTO;SECRETARIA DE ADMINISTRAÇÃO E ORÇAMENTO;Prorrogação do Contrato 51/2022 - Prestação de serviços contínuos de limpeza e conservação do Cartórios Eleitorais de Caldas Novas, Valparaíso, Posse, Buriti Alegre, Niquelândia, Mineiros e Planaltina.;1;Não se aplica;ANUAL;R$287.878,00;Manter a boa apresentação, limpeza e higiene das edificações.;5;14/01/25;14/07/25;51;2022;14/07/25;1;Sim;24023;LIMPEZA E CONSERVACAO;OUTROS SERVIÇOS DE TERCEIROS - PESSOA JURÍDICA;DESPESAS CORRENTES;NÃO;;;;;Serviços;CONTRATAÇÃO DE SERVIÇOS DE LIMPEZA E CONSERVAÇÃO;AJUSTES
2025;Ordinário;32. Promover melhorias no processo da gestão orçamentária;OE09 - Aperfeiçoar a Gestão Orçamentária e Financeira;SECRETARIA DE ADMINISTRAÇÃO E ORÇAMENTO;SECRETARIA DE ADMINISTRAÇÃO E ORÇAMENTO;Prorrogação do Contrato 49/2022 - Prestação de serviços contínuos de limpeza e conservação do Edifícios Sede/Anexo I, Anexo II e Anexo III.;1;Não se aplica;ANUAL;R$763.352,00;Manter boa apresentação, higiene e limpeza das edificações;5;08/01/25;08/07/25;49;2022;08/07/25;0;Sim;24023;LIMPEZA E CONSERVACAO;OUTROS SERVIÇOS DE TERCEIROS - PESSOA JURÍDICA;DESPESAS CORRENTES;NÃO;;;;;Serviços;CONTRATAÇÃO DE SERVIÇOS DE LIMPEZA E CONSERVAÇÃO;AJUSTES
2025;Ordinário;32. Promover melhorias no processo da gestão orçamentária;OE09 - Aperfeiçoar a Gestão Orçamentária e Financeira;SECRETARIA DE ADMINISTRAÇÃO E ORÇAMENTO;SECRETARIA DE ADMINISTRAÇÃO E ORÇAMENTO;Prorrogação do Contrato 60/2024 - Prestação de serviços contínuos de limpeza e conservação do Cartórios de São Luís de Montes Belos, Porangatu, Catalão, Cristalina,  Águas Lindas de Goiás e Bela Vista de Goiás.;1;Não se aplica;ANUAL;R$253.137,00;Manter a boa apresentação, limpeza e higiene das edificações.;5;12/07/24;12/01/25;94;2020;12/01/25;0;Sim;24023;LIMPEZA E CONSERVACAO;OUTROS SERVIÇOS DE TERCEIROS - PESSOA JURÍDICA;DESPESAS CORRENTES;NÃO;;;;;Serviços;CONTRATAÇÃO DE SERVIÇOS DE LIMPEZA E CONSERVAÇÃO;AJUSTES
2025;Ordinário;32. Promover melhorias no processo da gestão orçamentária;OE09 - Aperfeiçoar a Gestão Orçamentária e Financeira;SECRETARIA DE ADMINISTRAÇÃO E ORÇAMENTO;SECRETARIA DE ADMINISTRAÇÃO E ORÇAMENTO;Prorrogação do Contrato 60/2024 - Prestação de serviços contínuos de limpeza e conservação do Cartório Eleitoral de Rio Verde.;1;Não se aplica;ANUAL;R$55.555,00;Manter a boa apresentação, limpeza e higiene das edificações.;5;03/02/25;03/08/25;49;2020;03/08/25;0;Sim;24023;LIMPEZA E CONSERVACAO;OUTROS SERVIÇOS DE TERCEIROS - PESSOA JURÍDICA;DESPESAS CORRENTES;NÃO;;;;;Serviços;CONTRATAÇÃO DE SERVIÇOS DE LIMPEZA E CONSERVAÇÃO;AJUSTES
2025;Ordinário;32. Promover melhorias no processo da gestão orçamentária;OE09 - Aperfeiçoar a Gestão Orçamentária e Financeira;SECRETARIA DE ADMINISTRAÇÃO E ORÇAMENTO;SECRETARIA DE ADMINISTRAÇÃO E ORÇAMENTO;Prorrogação do Contrato 60/2024 - Prestação de serviços contínuos de limpeza e conservação do Cartório Eleitoral de Formosa.;1;Não se aplica;ANUAL;R$55.494,00;Manter a boa apresentação, limpeza e higiene das edificações.;5;05/02/25;05/08/25;50;2020;05/08/25;1;Sim;24023;LIMPEZA E CONSERVACAO;OUTROS SERVIÇOS DE TERCEIROS - PESSOA JURÍDICA;DESPESAS CORRENTES;NÃO;;;;;Serviços;CONTRATAÇÃO DE SERVIÇOS DE LIMPEZA E CONSERVAÇÃO;AJUSTES
2025;Ordinário;15. Otimizar o atendimento às demandas dos usuários dos serviços da Justiça Eleitoral;OE07 - Aperfeiçoar a Gestão Administrativa e a Governança da Justiça Eleitoral;ASSESSORIA DE IMPRENSA E COMUNICAÇÃO SOCIAL;ASSESSORIA DE IMPRENSA E COMUNICAÇÃO SOCIAL;Contratação de empresa especializada em apoio a eventos (Mestre de Cerimônia, recepcionistas, fotógrafo, operador de som, brigada de incêndio, serviços gerais).;130;Diária;ANUAL;R$35.330,00;Busca-se a viabilização de meios para que se contrate empresa especializada na prestação de serviços de apoio a eventos institucionais do Tribunal Regional Eleitoral de Goiás (TRE-GO), a fim de que se possa atender às necessidades do órgão que, por meio da Assessoria de Imprensa e Comunicação Social (ASCOM), deve adotar os recursos necessários à realização de tais eventos, que são oriundos de suas atividades regulamentares, organizando-os, sob o aspecto de apoio humano, de modo a atender, a contento, as demandas próprias de sua organização.;1;30/01/25;30/07/25;;;;;Não;14591;SERV. DE APOIO ADMIN., TECNICO E OPERACIONAL;OUTROS SERVIÇOS DE TERCEIROS - PESSOA JURÍDICA;DESPESAS CORRENTES;NÃO;;.;;;Serviços;CONTRATAÇÃO DE EMPRESA ESPECIALIZADA EM APOIO A EVENTOS (MESTRE DE CERIMÔNIA, RECEPCIONISTAS, FOTÓGRAFO, OPERADOR DE SOM, BRIGADA DE INCÊNDIO, SERVIÇOS GERAIS);AJUSTES
2025;Ordinário;4. Promover a melhoria nos processos que envolvam a prestação de informações aos usuários da Justiça Eleitoral;OE02 - Fortalecer a Relação Institucional da Justiça Eleitoral com a Sociedade;ASSESSORIA DE IMPRENSA E COMUNICAÇÃO SOCIAL;ASSESSORIA DE IMPRENSA E COMUNICAÇÃO SOCIAL;"Contratação de empresa especializada para elaboração,  monitoramento e gravação do clipping eletrônico diário, em tempo real, on line, contendo as matérias jornalísticas referentes à Justiça Eleitoral, em âmbito regional e nacional, com as veiculações em mídias impressa (jornais e revistas); eletrônica (emissoras de TV e rádio) e digital (internet, sites, blogs e mídias sociais).";365;Diária;ANUAL;R$39.800,00;A contratação que se pretende visa dar continuidade ao atendimento da demanda da ASCOM, atualmente viabilizada pelo Contrato TRE-GO nº 6/2019, a expirar em maio de 2024.;1;29/11/24;29/05/25;6;2019;09/05/24;0;Sim;10219;SERVICOS TECNICOS PROFISSIONAIS;OUTROS SERVIÇOS DE TERCEIROS - PESSOA JURÍDICA;DESPESAS CORRENTES;NÃO;;;;;Serviços;CONTRATAÇÃO DE SERVIÇOS CLIPPING ELETRÔNICO;AJUSTES
2025;Ordinário;3. Ampliar a divulgação de informações sobre o Processo Eleitoral (combate à desinformação);OE02 - Fortalecer a Relação Institucional da Justiça Eleitoral com a Sociedade;ASSESSORIA DE IMPRENSA E COMUNICAÇÃO SOCIAL;ASSESSORIA DE IMPRENSA E COMUNICAÇÃO SOCIAL;Contratação de empresa especializada para o fornecimento de material de identificação visual para eventos da Justiça Eleitoral (totem, banners, adesivos).;100;Unidade;ANUAL;R$0,00;Com a utilização do material de identificação visual busca-se melhorar a comunicação com a sociedade em geral, no cumprimento do Objetivo Estratégico de aproximar a Justiça Eleitoral de comunidade e no combate à desinformação.;1;31/07/24;31/01/25;;;;;Não;4367;APOIO ADMINISTRATIVO, TECNICO E OPERACIONAL;OUTROS SERVIÇOS DE TERCEIROS - PESSOA JURÍDICA;INVESTIMENTOS;NÃO;;;;;Serviços;CONTRATAÇÃO DE MATERIAL DE  IDENTIFICAÇÃO VISUAL;AJUSTES
2025;Ordinário;32. Promover melhorias no processo da gestão orçamentária;OE09 - Aperfeiçoar a Gestão Orçamentária e Financeira;SECRETARIA DE ADMINISTRAÇÃO E ORÇAMENTO;SECRETARIA DE ADMINISTRAÇÃO E ORÇAMENTO;Contratação de Limpeza de fachadas e vidros em altura superior a dois metros Edifícios Sede/Anexo I, Anexo II e Anexo III.;1;Não se aplica;ANUAL;R$25.000,00;Manter limpeza adequada dos locais de trabalho;3;30/06/25;30/12/25;;;;;Não;24023;LIMPEZA E CONSERVACAO;OUTROS SERVIÇOS DE TERCEIROS - PESSOA JURÍDICA;DESPESAS CORRENTES;NÃO;;;;;Serviços;CONTRATAÇÃO DE SERVIÇOS DE LIMPEZA E CONSERVAÇÃO;AJUSTES
2025;Ordinário;15. Otimizar o atendimento às demandas dos usuários dos serviços da Justiça Eleitoral;OE07 - Aperfeiçoar a Gestão Administrativa e a Governança da Justiça Eleitoral;ASSESSORIA DE IMPRENSA E COMUNICAÇÃO SOCIAL;ASSESSORIA DE IMPRENSA E COMUNICAÇÃO SOCIAL;Aquisição de material permanente (foto, vídeo, som) para a composição do acervo da ASCOM;5;Unidade;ANUAL;R$0,00;A ASCOM tem um pequeno acervo atualmente, que, com o desgaste em razão do permanente uso, necessita de reposição e, ainda, modernização, tendo em vista que as novas tecnologias tendem a aprimorar a prestação dos serviços oferecidos pela Justiça Eleitoral e, como consequência, a eficácia das atribuições da Unidade.;1;30/08/24;01/03/25;;;;;Não;150937;EQUIPAMENTOS PARA AUDIO, VIDEO E FOTO;EQUIPAMENTOS E MATERIAL PERMANENTE;INVESTIMENTOS;NÃO;;;;;Fornecimento;AQUISIÇÃO DE MATERIAL PERMANENTE;AJUSTES
2025;Ordinário;32. Promover melhorias no processo da gestão orçamentária;OE09 - Aperfeiçoar a Gestão Orçamentária e Financeira;SECRETARIA DE ADMINISTRAÇÃO E ORÇAMENTO;SECRETARIA DE ADMINISTRAÇÃO E ORÇAMENTO;erviços de vigilância e segurança armada para o cartório de Formosa;01;Não se aplica;ANUAL;R$128.822,00;Proteger o patrimônio, servidores e público dos edifícios que abrigam a Justiça Eleitoral;5;27/10/24;27/04/25;22;2022;27/04/25;0;Sim;24015;VIGILANCIA OSTENSIVA/MONITORADA/RASTREAMENTO;OUTROS SERVIÇOS DE TERCEIROS - PESSOA JURÍDICA;DESPESAS CORRENTES;NÃO;;;;;Serviços;CONTRATAÇÃO DE SERVIÇOS DE VIGILÂNCIA E SEGURANÇA ARMADA;AJUSTES
2025;Ordinário;32. Promover melhorias no processo da gestão orçamentária;OE09 - Aperfeiçoar a Gestão Orçamentária e Financeira;SECRETARIA DE ADMINISTRAÇÃO E ORÇAMENTO;SECRETARIA DE ADMINISTRAÇÃO E ORÇAMENTO;Prorrogação do Contrato 39/2024 - Prestação de serviços de vigilância e segurança armada para os Edifícios Sede e Anexo I.;1;Não se aplica;ANUAL;R$276.408,00;Proteger o patrimônio, servidores e público dos edifícios que abrigam a Justiça Eleitoral;5;15/01/25;15/07/25;39;2024;15/07/24;1;Sim;24015;VIGILANCIA OSTENSIVA/MONITORADA/RASTREAMENTO;OUTROS SERVIÇOS DE TERCEIROS - PESSOA JURÍDICA;DESPESAS CORRENTES;NÃO;;;;;Serviços;CONTRATAÇÃO DE SERVIÇOS DE VIGILÂNCIA E SEGURANÇA ARMADA;AJUSTES
2025;Ordinário;32. Promover melhorias no processo da gestão orçamentária;OE09 - Aperfeiçoar a Gestão Orçamentária e Financeira;SECRETARIA DE ADMINISTRAÇÃO E ORÇAMENTO;SECRETARIA DE ADMINISTRAÇÃO E ORÇAMENTO;Prorrogação do Contrato 59/2024 - Prestação de serviços  de vigilância e segurança armada para os edifícios que abrigam os Fóruns Eleitorais de Goiânia,  Anápolis e Aparecida de Goiânia, Cartórios Eleitorais de Águas Lindas, Valparaíso e Luziânia e Edifício Anexo II.;1;Não se aplica;ANUAL;R$1.299.188,00;Proteger o patrimônio, servidores e público dos edifícios que abrigam a Justiça Eleitoral;5;05/11/24;05/05/25;59;2024;08/10/25;1;Sim;24015;VIGILANCIA OSTENSIVA/MONITORADA/RASTREAMENTO;OUTROS SERVIÇOS DE TERCEIROS - PESSOA JURÍDICA;DESPESAS CORRENTES;NÃO;;;;;Serviços;CONTRATAÇÃO DE SERVIÇOS DE VIGILÂNCIA E SEGURANÇA ARMADA;AJUSTES
2025;Ordinário;32. Promover melhorias no processo da gestão orçamentária;OE09 - Aperfeiçoar a Gestão Orçamentária e Financeira;SECRETARIA DE ADMINISTRAÇÃO E ORÇAMENTO;SECRETARIA DE ADMINISTRAÇÃO E ORÇAMENTO;Manutenção de equipamento de controle de acesso de pessoal no edifício sede do TRE/GO.;1;Não se aplica;ANUAL;R$11.843,00;Garantir o controle de acesso nas dependências desta Regional.;4;08/04/25;08/10/25;05;2019;08/10/24;0;Sim;23094;MANUT. E CONSERV. DE MAQUINAS E EQUIPAMENTOS;OUTROS SERVIÇOS DE TERCEIROS - PESSOA JURÍDICA;DESPESAS CORRENTES;NÃO;;;;;Serviços;CONTRATAÇÃO DE SERVIÇOS DE MANUTENÇÃO DE CATRACAS;AJUSTES
2025;Ordinário;32. Promover melhorias no processo da gestão orçamentária;OE09 - Aperfeiçoar a Gestão Orçamentária e Financeira;SECRETARIA DE ADMINISTRAÇÃO E ORÇAMENTO;SECRETARIA DE ADMINISTRAÇÃO E ORÇAMENTO;Prorrogação do Contrato 26/2023 - Seguro total para veículos oficiais da justiça eleitoral em Goiás;1;Não se aplica;ANUAL;R$63.000,00;Resguardar patrimônio público.;5;21/12/24;21/06/25;26;2023;21/06/24;1;Sim;22764;SEGUROS EM GERAL;OUTROS SERVIÇOS DE TERCEIROS - PESSOA JURÍDICA;DESPESAS CORRENTES;NÃO;;;16923-4;23;Serviços;CONTRATAÇÃO DE COBERTURA SECURITÁRIA;AJUSTES
2025;Ordinário;15. Otimizar o atendimento às demandas dos usuários dos serviços da Justiça Eleitoral;OE07 - Aperfeiçoar a Gestão Administrativa e a Governança da Justiça Eleitoral;SECRETARIA JUDICIÁRIA;SECRETARIA JUDICIÁRIA;Contratação de um posto de trabalho de Designer Gráfico;1;Postos;ANUAL;R$113.000,00;Inexistência de cargo com essa especialidade no quadro de pessoal deste Tribunal e a necessidade de profissional dessa área para auxiliar as atividades da SELED referentes à execução de projetos gráficos institucionais, na parte relativa à diagramação, editoração e finalização de documentos, revistas, convites, cartazes, folders e banners.;1;13/06/25;13/12/25;54;2023;14/12/24;1;Sim;25330;APOIO ADMINISTRATIVO, TECNICO E OPERACIONAL;LOCAÇÃO DE MÃO-DE-OBRA;DESPESAS CORRENTES;NÃO;;;;;Serviços;CONTRATAÇÃO DE SERVIÇOS DE APOIO ADMINISTRATIVO NA ÁREA DE DESIGNER GRÁFICO -PRORROGAÇÃO CONTRATUAL;AJUSTES
2025;Ordinário;15. Otimizar o atendimento às demandas dos usuários dos serviços da Justiça Eleitoral;OE07 - Aperfeiçoar a Gestão Administrativa e a Governança da Justiça Eleitoral;SECRETARIA JUDICIÁRIA;SECRETARIA JUDICIÁRIA;Contratação de um posto de trabalho de museologia para a execução de atividades ligadas ao Centro de Memória e Memória Virtual.;1;Postos;ANUAL;R$127.000,00;"Inexistência de cargo da especialidade ""Museologia"" no quadro de pessoal do TRE-GO e a necessidade de dar continuidade à execução das diretrizes e normas de Gestão de Memória e de Gestão Documental instituídas pela Resolução CNJ nº 324/2020.";1;03/02/25;03/08/25;;;;;Sim;15229;APOIO ADMINISTRATIVO, TECNICO E OPERACIONAL;LOCAÇÃO DE MÃO-DE-OBRA;DESPESAS CORRENTES;NÃO;;;;;Serviços;CONTRATAÇÃO DE SERVIÇOS DE APOIO ADMINISTRATIVO NA ÁREA DE MUSEOLOGIA - PRORROGAÇÃO CONTRATUAL;AJUSTES
2025;Ordinário;35. Implementar as iniciativas do PDTIC 2021-2026;OE10 - Fortalecer a Estratégia Nacional de TIC e de Proteção de Dados;SECRETARIA DE TECNOLOGIA DA INFORMAÇÃO;SECRETARIA DE ADMINISTRAÇÃO E ORÇAMENTO;Locação de software de inteligência artificial para COJDG e SECNT.;2;Unidade;ANUAL;R$15.000,00;Software que realize o monitoramento do curso do contrato, a regularidade fiscal das empresas, e também a revisão dos contratos, termos aditivos e apostilamentos.;3;30/06/25;30/12/25;;;;;Sim;27502;LOCACAO DE SOFTWARES;SERVIÇOS DE TECNOLOGIA DA INFORMAÇÃO E COMUNICAÇÃO - PJ;DESPESAS CORRENTES;NÃO;;;;;Serviços;LOCAÇÃO DE SOFTWARE INTELIGÊNCIA ARTIFICIAL - COJDG E SECNT.;AJUSTES
2025;Ordinário;15. Otimizar o atendimento às demandas dos usuários dos serviços da Justiça Eleitoral;OE07 - Aperfeiçoar a Gestão Administrativa e a Governança da Justiça Eleitoral;SECRETARIA JUDICIÁRIA;SECRETARIA JUDICIÁRIA;Fornecimento de assinaturas eletrônicas e impressos de periódicos (jornais e revistas).;1;Unidade;ANUAL;R$7.200,00;Proporcionar acesso a informações atualizadas e diversificadas aos magistrados, servidores, colaboradores e estagiários, acerca dos acontecimentos nacionais e internacionais.;1;30/07/25;30/01/26;62;2023;31/01/25;1;Não;4243;ASSINATURAS DE PERIODICOS E ANUIDADES;OUTROS SERVIÇOS DE TERCEIROS - PESSOA JURÍDICA;DESPESAS CORRENTES;NÃO;;;;;Fornecimento;CONTRATAÇÃO DE FORNECIMENTO DE PERIÓDICOS (JORNAIS E REVISTAS) - PRORROGAÇÃO CONTRATUAL;AJUSTES
2025;Ordinário;35. Implementar as iniciativas do PDTIC 2021-2026;OE10 - Fortalecer a Estratégia Nacional de TIC e de Proteção de Dados;SECRETARIA DE TECNOLOGIA DA INFORMAÇÃO;SECRETARIA DE ADMINISTRAÇÃO E ORÇAMENTO;Contratação de locação de 3 (três) Licenças do programa Autodesk AEC Collection e 3 (três) Licenças atualizadas do programa Alto QI Builder (plataforma BIM).;6;Unidade;Não se Aplica;R$53.727,00;Necessidade de atualização dos softwares utilizados para projetos de engenharia. Os projetos são necessários para a realização de obras, reformas e serviços de engenharia.;2;30/09/24;30/03/25;;;;;Sim;27502;LOCACAO DE SOFTWARES;SERVIÇOS DE TECNOLOGIA DA INFORMAÇÃO E COMUNICAÇÃO - PJ;DESPESAS CORRENTES;NÃO;;;;;Serviços;LOCAÇÃO LICENÇAS AUTODESK AEC COLLECTION E ALTO QI BUILDER - CEIN/SAO.;AJUSTES
2025;Ordinário;35. Implementar as iniciativas do PDTIC 2021-2026;OE10 - Fortalecer a Estratégia Nacional de TIC e de Proteção de Dados;SECRETARIA DE TECNOLOGIA DA INFORMAÇÃO;SECRETARIA JUDICIÁRIA;Aquisição de 3 (três) licenças do software CorelDRAW Graphics Suite 2024 (Licença de uso Perpétuo) - SELED/SJD.;3;Unidade;ANUAL;R$0,00;Desenvolver cartazes, convites, panfletos e ilustrações com designs mais atrativos, atuais, eficazes e eficientes, utilizando programas de edição vetorial e de imagens e elaboração de projetos gráficos dentre outros.;3;30/09/24;30/03/25;;;;;Não;27742;MATERIAL DE TIC (PERMANENTE);EQUIPAMENTOS E MATERIAL PERMANENTE;INVESTIMENTOS;NÃO;;;;;Fornecimento;AQUISIÇÃO DE LICENÇAS SOFTWARE CORELDRAW GRAPHICS SUITE 2024 - SELED/SJD;AJUSTES
2025;Ordinário;15. Otimizar o atendimento às demandas dos usuários dos serviços da Justiça Eleitoral;OE07 - Aperfeiçoar a Gestão Administrativa e a Governança da Justiça Eleitoral;SECRETARIA JUDICIÁRIA;SECRETARIA JUDICIÁRIA;Contratação de empresa  prestadora de serviços de conservação preventiva do acervo museológico do Centro de Memória.;1;Unidade;ANUAL;R$75.000,00;Contratação necessária para atender às diretrizes e normas de Gestão de Memória e de Gestão Documental instituídas pela Resolução CNJ nº 324/2020, assegurando procedimentos para minimizar a deterioração e/ou perdas futuras dos objetos museológicos.;1;30/01/25;30/07/25;;;;;Não;22969;SERV. DE APOIO ADMIN., TECNICO E OPERACIONAL;OUTROS SERVIÇOS DE TERCEIROS - PESSOA JURÍDICA;DESPESAS CORRENTES;NÃO;;;;;Serviços;CONTRATAÇÃO DE SERVIÇOS DE CONSERVAÇÃO PREVENTIVA DO ACERVO DO CENTRO DE MEMÓRIA;AJUSTES
2025;Ordinário;15. Otimizar o atendimento às demandas dos usuários dos serviços da Justiça Eleitoral;OE07 - Aperfeiçoar a Gestão Administrativa e a Governança da Justiça Eleitoral;SECRETARIA JUDICIÁRIA;SECRETARIA JUDICIÁRIA;"Aquisição de Totem (Lousa Interativa) e contratação de empresa especializada em confecção de apresentação multimídia em equipamentos touchscreen para o fornecimento dos respectivos softwares ""embarcados""";1;Unidade;Não se Aplica;R$195.000,00;Proporcionar acesso a informações atualizadas e diversificadas aos usuários internos e externos do Centro de Memória da Justiça Eleitoral de Goiás.;1;29/11/24;29/05/25;;;;;Não;17694;AQUISICAO DE SOFTWARE PRONTO;SERVIÇOS DE TECNOLOGIA DA INFORMAÇÃO E COMUNICAÇÃO - PJ;INVESTIMENTOS;NÃO;;;;;Fornecimento;"AQUISIÇÃO DE TOTEM (LOUSA INTERATIVA) E CONTRATAÇÃO DE EMPRESA ESPECIALIZADA EM CONFECÇÃO DE APRESENTAÇÃO MULTIMÍDIA EM EQUIPAMENTOS TOUCHSCREEN PARA O FORNECIMENTO DOS RESPECTIVOS SOFTWARES ""EMBARCADOS""";AJUSTES
2025;Ordinário;32. Promover melhorias no processo da gestão orçamentária;OE09 - Aperfeiçoar a Gestão Orçamentária e Financeira;SECRETARIA DE ADMINISTRAÇÃO E ORÇAMENTO;SECRETARIA DE ADMINISTRAÇÃO E ORÇAMENTO;Serviços de vigilância eletrônica monitorada para os Cartórios Eleitorais de: Porangatu, Uruaçu, Caldas Novas, Trindade, Catalão, Cristalina, Pires do Rio, Posse, Niquelândia, São Luís de Montes Belos, Itumbiara, Morrinhos, Mineiro, Santo Antônio do Descoberto, Jaraguá, Iporá, Santa Helena de Goiás, Goianésia, Jataí, Rio Verde, Itaberaí, Inhumas e o Depósito de Bens deste TRE-GO.;1;Não se aplica;ANUAL;R$206.716,00;Proteger o patrimônio, servidores e público dos edifícios que abrigam a Justiça Eleitoral;5;16/04/25;16/10/25;;;;;Sim;23868;VIGILANCIA OSTENSIVA/MONITORADA/RASTREAMENTO;OUTROS SERVIÇOS DE TERCEIROS - PESSOA JURÍDICA;DESPESAS CORRENTES;NÃO;;;;;Serviços;CONTRATAÇÃO DE SERVIÇOS DE VIGILÂNCIA MONITORADA;AJUSTES
2025;Ordinário;32. Promover melhorias no processo da gestão orçamentária;OE09 - Aperfeiçoar a Gestão Orçamentária e Financeira;SECRETARIA DE ADMINISTRAÇÃO E ORÇAMENTO;SECRETARIA DE ADMINISTRAÇÃO E ORÇAMENTO;Prorrogação do Contrato 82/2022 - Prestação de serviços de vigilância eletrônica monitorada para os Cartórios Eleitorais de Buriti Alegre e Bela Vista de Goiás.;1;Não se aplica;ANUAL;R$12.354,00;Proteger o patrimônio, servidores e público dos edifícios que abrigam a Justiça Eleitoral.;5;03/05/25;03/11/25;82;2022;03/11/25;1;Sim;23868;VIGILANCIA OSTENSIVA/MONITORADA/RASTREAMENTO;OUTROS SERVIÇOS DE TERCEIROS - PESSOA JURÍDICA;DESPESAS CORRENTES;NÃO;;;;;Serviços;CONTRATAÇÃO DE SERVIÇOS DE VIGILÂNCIA MONITORADA;AJUSTES
2025;Ordinário;32. Promover melhorias no processo da gestão orçamentária;OE09 - Aperfeiçoar a Gestão Orçamentária e Financeira;SECRETARIA DE ADMINISTRAÇÃO E ORÇAMENTO;SECRETARIA DE ADMINISTRAÇÃO E ORÇAMENTO;Contratação de empresa especializada na prestação de serviços de vigilância eletrônica monitorada para os cartórios de Nerópolis, Senador Canedo, Itajá e reserva para mais 02 (dois) cartórios com possível necessidade de vigilância.;1;Não se aplica;ANUAL;R$25.000,00;Proteger o patrimônio, servidores e público dos edifícios que abrigam a Justiça Eleitoral;5;30/06/25;30/12/25;;;;;Sim;23868;VIGILANCIA OSTENSIVA/MONITORADA/RASTREAMENTO;OUTROS SERVIÇOS DE TERCEIROS - PESSOA JURÍDICA;DESPESAS CORRENTES;NÃO;;;;;Serviços;CONTRATAÇÃO DE SERVIÇOS DE VIGILÂNCIA MONITORADA;AJUSTES
2025;Ordinário;32. Promover melhorias no processo da gestão orçamentária;OE09 - Aperfeiçoar a Gestão Orçamentária e Financeira;SECRETARIA DE ADMINISTRAÇÃO E ORÇAMENTO;SECRETARIA DE ADMINISTRAÇÃO E ORÇAMENTO;Prorrogação do Contrato 20/2022 - Prestação de serviços de recepção, nas dependências do Edifício Anexo III.;1;Não se aplica;ANUAL;R$117.857,00;Atendimento ao público que visita ou telefona ao edifício Sede deste Regional.;4;29/09/24;29/03/25;20;2022;29/03/25;0;Sim;8729;SERV. DE APOIO ADMIN., TECNICO E OPERACIONAL;OUTROS SERVIÇOS DE TERCEIROS - PESSOA JURÍDICA;DESPESAS CORRENTES;NÃO;;;;;Serviços;CONTRATAÇÃO DE SERVIÇOS DE RECEPÇÃO - PRORROGAÇÃO CONTRATUAL;AJUSTES
2025;Ordinário;32. Promover melhorias no processo da gestão orçamentária;OE09 - Aperfeiçoar a Gestão Orçamentária e Financeira;SECRETARIA DE ADMINISTRAÇÃO E ORÇAMENTO;SECRETARIA DE ADMINISTRAÇÃO E ORÇAMENTO;Prorrogação do Contrato 48/2022 - Prestação de serviços de recepção,  para os edifícios Sede e Anexo I do Tribunal Regional Eleitoral de Goiás;1;Não se aplica;ANUAL;R$73.677,00;Atendimento ao público que visita ou telefona ao edifício Sede deste Regional.;4;12/01/25;12/07/25;48;2022;12/07/25;1;Sim;8729;SERV. DE APOIO ADMIN., TECNICO E OPERACIONAL;OUTROS SERVIÇOS DE TERCEIROS - PESSOA JURÍDICA;DESPESAS CORRENTES;NÃO;;;;;Serviços;CONTRATAÇÃO DE SERVIÇOS DE RECEPÇÃO - PRORROGAÇÃO CONTRATUAL;AJUSTES
2025;Ordinário;32. Promover melhorias no processo da gestão orçamentária;OE09 - Aperfeiçoar a Gestão Orçamentária e Financeira;SECRETARIA DE ADMINISTRAÇÃO E ORÇAMENTO;SECRETARIA DE ADMINISTRAÇÃO E ORÇAMENTO;Serviços de direção veicular em viaturas próprias, cedidas ou alugas da justiça eleitoral em Goiás.;1;Não se aplica;ANUAL;R$970.752,00;Inexistência de servidores na especialidade transporte para a realização de serviços oficiais de condução veicular.;5;19/03/25;19/09/25;73;2022;19/09/25;0;Sim;15008;SERVICOS TECNICOS PROFISSIONAIS;OUTROS SERVIÇOS DE TERCEIROS - PESSOA JURÍDICA;DESPESAS CORRENTES;NÃO;;;;;Serviços;CONTRATAÇÃO DE SERVIÇOS DE CONDUÇÃO VEICULAR - PRORROGAÇÃO CONTRATUAL;AJUSTES
2025;Ordinário;32. Promover melhorias no processo da gestão orçamentária;OE09 - Aperfeiçoar a Gestão Orçamentária e Financeira;SECRETARIA DE ADMINISTRAÇÃO E ORÇAMENTO;SECRETARIA DE ADMINISTRAÇÃO E ORÇAMENTO;Contratação de empresa especializada para manutenção de porta giratória com detecção de metal.;1;Não se aplica;ANUAL;R$53.915,00;Garantir o correto funcionamento das portas giratórias com otimização da segurança das instalações e pessoal.;4;01/06/25;01/12/25;;;;;Sim;18406;MANUT. E CONSERV. DE MAQUINAS E EQUIPAMENTOS;OUTROS SERVIÇOS DE TERCEIROS - PESSOA JURÍDICA;DESPESAS CORRENTES;NÃO;;;;;Serviços;CONTRATAÇÃO DE SERVIÇOS DE MANUTENÇÃO DE PORTAS DETECÇÃO DE METAL;AJUSTES
2025;Ordinário;32. Promover melhorias no processo da gestão orçamentária;OE09 - Aperfeiçoar a Gestão Orçamentária e Financeira;SECRETARIA DE ADMINISTRAÇÃO E ORÇAMENTO;SECRETARIA DE ADMINISTRAÇÃO E ORÇAMENTO;Contratação de empresa especializada na prestação de serviços de intermediação no fornecimento de combustíveis (gasolina, etanol, diesel S50 e diesel S10), filtros (óleo, ar e combustível), óleos (lubrificante e hidráulico), aditivos para radiadores e fluído de freio para utilização nos veículos automotores pertencentes à frota do TRE-GO ou de outros colocados à sua disposição.;1;Não se aplica;ANUAL;R$450.000,00;Garantir  o funcionamento da frota veicular da justiça eleitoral em Goiás.;5;18/12/24;18/06/25;19;2020;18/05/24;1;Sim;25372;COMBUSTIVEIS E LUBRIFICANTES AUTOMOTIVOS;MATERIAL DE CONSUMO;DESPESAS CORRENTES;NÃO;;;;;Fornecimento;CONTRATAÇÃO DE SERVIÇOS DE INTERMEDIAÇÃO PARA FORNECIMENTO DE COMBUSTÍVEIS;AJUSTES
2025;Ordinário;32. Promover melhorias no processo da gestão orçamentária;OE09 - Aperfeiçoar a Gestão Orçamentária e Financeira;SECRETARIA DE ADMINISTRAÇÃO E ORÇAMENTO;SECRETARIA DE ADMINISTRAÇÃO E ORÇAMENTO;Contratação   de   empresa   especializada   na   prestação   de serviços   de   confecção,   de   forma   continuada,   de   crachás   de identificação;1;Não se aplica;ANUAL;R$2.661,00;Atender o disposto na Portaria nº 146/2016 da Presidência do Tribunal Regional Eleitoral de Goiás.;3;30/06/25;30/12/25;;;;;Não;10111;MATERIAL DE SINALIZACAO VISUAL E OUTROS;MATERIAL DE CONSUMO;DESPESAS CORRENTES;NÃO;;;;;Serviços;CONTRATAÇÃO DE SERVIÇOS DE CONFECÇÃO DE CRACHÁS;AJUSTES
2025;Ordinário;32. Promover melhorias no processo da gestão orçamentária;OE09 - Aperfeiçoar a Gestão Orçamentária e Financeira;SECRETARIA DE ADMINISTRAÇÃO E ORÇAMENTO;SECRETARIA DE ADMINISTRAÇÃO E ORÇAMENTO;Contratação de empresa especializada na prestação de serviços de administração, gerenciamento e controle da manutenção preventiva e corretiva com fornecimento de peças e acessórios de reposição para a frota de veículos automotores deste Tribunal.;1;Não se aplica;ANUAL;R$78.465,00;Assegurar o funcionamento e manutenção dos veículos oficiais.;5;29/07/24;29/01/25;01;2020;29/01/25;0;Sim;3565;MANUTENCAO E CONSERV. DE VEICULOS;OUTROS SERVIÇOS DE TERCEIROS - PESSOA JURÍDICA;DESPESAS CORRENTES;NÃO;;;;;Serviços;CONTRATAÇÃO DE SERVIÇOS DE INTERMEDIAÇÃO PARA MANUTENÇÃO VEICULAR;AJUSTES
2025;Ordinário;32. Promover melhorias no processo da gestão orçamentária;OE09 - Aperfeiçoar a Gestão Orçamentária e Financeira;SECRETARIA DE ADMINISTRAÇÃO E ORÇAMENTO;SECRETARIA DE ADMINISTRAÇÃO E ORÇAMENTO;Aquisição de 14 veículos tipo SUV;14;Unidade;Não se Aplica;R$0,00;Garantir o transporte no âmbito desta Regional.;4;30/06/25;30/12/25;;;;;Não;484735;VEICULOS DE TRACAO MECANICA;EQUIPAMENTOS E MATERIAL PERMANENTE;INVESTIMENTOS;NÃO;;;;;Fornecimento;AQUISIÇÃO DE VEÍCULOS;AJUSTES
2025;Ordinário;32. Promover melhorias no processo da gestão orçamentária;OE09 - Aperfeiçoar a Gestão Orçamentária e Financeira;SECRETARIA DE ADMINISTRAÇÃO E ORÇAMENTO;SECRETARIA DE ADMINISTRAÇÃO E ORÇAMENTO;Atualização do sistema de CFTV da justiça eleitoral do Goiás. (Câmeras, HD's 2TB e 4TB, Nobreak).;1;Não se aplica;Não se Aplica;R$40.500,00;Garantir segurança e controle do TRE/GO.;4;30/06/25;30/12/25;;;;;Não;15692;EQUIPAMENTO DE PROTECAO, SEGURANCA E  SOCORRO;EQUIPAMENTOS E MATERIAL PERMANENTE;INVESTIMENTOS;NÃO;;;;;Fornecimento;AQUISIÇÃO E INSTALAÇÃO DE EQUIPAMENTOS PARA ATUALIZAÇÃO SISTEMA CFTV;AJUSTES
2025;Ordinário;32. Promover melhorias no processo da gestão orçamentária;OE09 - Aperfeiçoar a Gestão Orçamentária e Financeira;SECRETARIA DE ADMINISTRAÇÃO E ORÇAMENTO;SECRETARIA DE ADMINISTRAÇÃO E ORÇAMENTO;Prorrogação do Contrato 70/2022 -Prestação de serviços de apoio administrativo mediante alocação de postos de trabalho no âmbito da Secretaria do Tribunal Regional Eleitoral de Goiás, em Goiânia.;70;Postos;ANUAL;R$5.144.623,00;Necessidade de auxílio nas atividades administrativas.;5;01/06/25;01/12/25;70;2022;01/12/25;1;Sim;5380;SERV. DE APOIO ADMIN., TECNICO E OPERACIONAL;OUTROS SERVIÇOS DE TERCEIROS - PESSOA JURÍDICA;DESPESAS CORRENTES;NÃO;;;;;Serviços;CONTRATAÇÃO DE SERVIÇOS DE APOIO ADMINISTRATIVO - PRORROGAÇÃO CONTRATUAL;AJUSTES
2025;Ordinário;15. Otimizar o atendimento às demandas dos usuários dos serviços da Justiça Eleitoral;OE07 - Aperfeiçoar a Gestão Administrativa e a Governança da Justiça Eleitoral;SECRETARIA JUDICIÁRIA;SECRETARIA JUDICIÁRIA;Contratação dos serviços de postagem, que abrangem as cartas simples e registradas, e de encomendas que compreendem o transporte de material de consumo, eletroeletrônicos e equipamentos de informática.;1;Unidade;ANUAL;R$108.000,00;Contratação necessária para remeter e receber documentos via postal e transportar as encomendas do Tribunal e dos Cartórios Eleitorais.;1;30/09/24;30/03/25;14;2020;30/03/25;0;Sim;14982;SERVICOS DE COMUNICACAO EM GERAL;OUTROS SERVIÇOS DE TERCEIROS - PESSOA JURÍDICA;DESPESAS CORRENTES;NÃO;;;;;Serviços;CONTRATAÇÃO DE SERVIÇOS DE  POSTAGENS E ENTREGA DE ENCOMENDAS;AJUSTES
2025;Ordinário;35. Implementar as iniciativas do PDTIC 2021-2026;OE10 - Fortalecer a Estratégia Nacional de TIC e de Proteção de Dados;SECRETARIA DE TECNOLOGIA DA INFORMAÇÃO;SECRETARIA DE TECNOLOGIA DA INFORMAÇÃO;1.400 Licenças usuário (CAL) p/domínio Plataforma Microsoft Windows Server 2022 e 650 Licenças de usuário (CAL) p/sistema gerenciamento configuração (Microsoft SCCM).;2050;Unidade;ANUAL;R$0,00;As demandas de expansão dos pontos de atendimento, trabalho remoto e terceirização geram aumento na base de usuários de rede, que precisam ser licenciados e monitorados e, consequentemente, as ferramentas precisam sofrer aumento do número de licenças.;1;30/06/25;30/12/25;;;;;Não;27464;AQUISICAO DE SOFTWARE PRONTO;SERVIÇOS DE TECNOLOGIA DA INFORMAÇÃO E COMUNICAÇÃO - PJ;INVESTIMENTOS;NÃO;;;;;Fornecimento;LICENÇAS USUÁRIO (CAL) P/DOMÍNIO PLATAFORMA MICROSOFT WINDOWS SERVER 2022 E LICENÇAS DE USUÁRIO (CAL) P/SISTEMA GERENCIAMENTO CONFIGURAÇÃO (MICROSOFT SCCM);AJUSTES
2025;Ordinário;35. Implementar as iniciativas do PDTIC 2021-2026;OE10 - Fortalecer a Estratégia Nacional de TIC e de Proteção de Dados;SECRETARIA DE TECNOLOGIA DA INFORMAÇÃO;SECRETARIA DE TECNOLOGIA DA INFORMAÇÃO;Solução de firewall de rede (core e bordas), Solução de rede da sede (core e bordas) e Solução de rede Wifi (sede e cartórios).;3;Unidade;ANUAL;R$1.427.590,00;Para a atual solução de firewall de segurança, por seus modelos estarem descontinuados junto ao fabricante, não é possível a renovação dos serviços de suporte e garantia para os equipamentos (Vencimento: 10/12/2024). Para a atual solução de rede da sede, por seus modelos estarem descontinuados junto ao fabricante, não é possível a renovação dos serviços de suporte e garantia para os equipamentos (Vencimento: 24/06/2025). Implantação de solução corporativa de rede WIFI em substituição dos atuais pontos de acesso baseados em solução não especializada neste recurso de TI.;1;30/06/25;30/12/25;;;;;Não;6853;MATERIAL DE TIC (PERMANENTE);EQUIPAMENTOS E MATERIAL PERMANENTE;INVESTIMENTOS;NÃO;;;;;Fornecimento;SOLUÇÃO FIREWALL DE REDE (CORE E BORDAS). SOLUÇÃO REDE DO TRE (CORE E BORDAS). SOLUÇÃO REDE WIFI;AJUSTES
2025;Ordinário;35. Implementar as iniciativas do PDTIC 2021-2026;OE10 - Fortalecer a Estratégia Nacional de TIC e de Proteção de Dados;SECRETARIA DE TECNOLOGIA DA INFORMAÇÃO;SECRETARIA DE TECNOLOGIA DA INFORMAÇÃO;Equipamentos (Storage, Servidor, Switches TOR e SAN, Racks) para os Datacenters do TRE-GO.;1;Unidade;ANUAL;R$0,00;Segunda fase de implantação do projeto de reestruturação do datacenter principal, e do datacenter secundário (site backup), visto que parte dos equipamentos serão adquiridos em 2024 e, por falta de disponibilidade orçamentária, a outra parte será adquirida em 2025.;1;30/05/25;30/11/25;;;;;Não;10293;MATERIAL DE TIC (PERMANENTE);EQUIPAMENTOS E MATERIAL PERMANENTE;INVESTIMENTOS;NÃO;;;;;Fornecimento;AQUISIÇÃO DE EQUIPAMENTOS PARA OS DATACENTERS DO TRE-GO;AJUSTES
2025;Ordinário;4. Promover a melhoria nos processos que envolvam a prestação de informações aos usuários da Justiça Eleitoral;OE02 - Fortalecer a Relação Institucional da Justiça Eleitoral com a Sociedade;ASSESSORIA DO TRIBUNAL PLENO;ASSESSORIA DO TRIBUNAL PLENO;Prorrogação do Contrato 57/2022 - prestação de serviços de operação dos equipamentos de áudio e vídeo destinados a filmagem, monitoramento e produção de material gravado (som e vídeo), com degravação (transcrição) do material gravado, caso solicitado pela Contratante, das Sessões Plenárias do TRE/GO e de outros eventos atinentes à Justiça Eleitoral (reuniões com partidos políticos e Juízes Eleitorais, seminários, palestras e pregões presenciais, etc.), sendo os equipamentos e sistemas fornecidos pelo Contratante.;384;Unidade;ANUAL;R$26.000,00;É necessária a prorrogação contratual para prestação de serviços de operação dos equipamentos e sistemas de áudio e vídeo do TRE/GO, com transmissão e gravação, já que tais atividades não estão compreendidas naquelas inerentes às especialidades constantes do Quadro de Pessoal do TRE/GO. Trata-se de serviço de grande importância para a realização de eventos relacionados à missão institucional do TRE/GO. Dentre eles, sobressaem as sessões do Tribunal Pleno, para as quais o serviço é imprescindível, conforme determina o art. 22, caput, e § 2º, da Resolução CNJ n. 215/2015.;1;02/05/22;25/07/22;57;2022;25/07/24;1;Sim;13757;SERV. DE APOIO ADMIN., TECNICO E OPERACIONAL;OUTROS SERVIÇOS DE TERCEIROS - PESSOA JURÍDICA;DESPESAS CORRENTES;NÃO;;;298-0;2024;Serviços;CONTRATAÇÃO DE SERVIÇOS DE OPERAÇÃO DOS EQUIPAMENTOS DE ÁUDIO E VÍDEO. PRORROGAÇÃO CONTRATUAL;AJUSTES
2025;Ordinário;29. Aprimorar o Programa de Qualidade de Vida no Trabalho;OE08 - Aperfeiçoar a Gestão de Pessoas;ASSESSORIA DO TRIBUNAL PLENO;ASSESSORIA DO TRIBUNAL PLENO;Contratação de serviços contínuos de lavanderia para lavagem e passagem de togas dos Juízes-Membros e capa da Secretária de Sessões a cada 2 (dois) meses ou sempre que necessário, compreendendo 17 (dezessete) peças.;17;Unidade;UNITÁRIO;R$4.050,00;Higienização periódica das vestes talares dos Juízes Membros e da capa da Secretária de Sessões.;3;02/09/24;02/03/25;;;;;Sim;19542;SERV. DE APOIO ADMIN., TECNICO E OPERACIONAL;OUTROS SERVIÇOS DE TERCEIROS - PESSOA JURÍDICA;DESPESAS CORRENTES;NÃO;;;;;Serviços;CONTRATAÇÃO DE SERVIÇOS CONTÍNUOS DE LAVANDERIA.;AJUSTES
2025;Ordinário;29. Aprimorar o Programa de Qualidade de Vida no Trabalho;OE08 - Aperfeiçoar a Gestão de Pessoas;ASSESSORIA DO TRIBUNAL PLENO;ASSESSORIA DO TRIBUNAL PLENO;Contratação de serviço de confecção de 20 (vinte) togas e uma capa: as togas serão usadas pelos Juízes Membros e Procurador Regional Eleitoral titulares e substitutos nas sessões ordinárias, extraordinárias e solenes do TRE/GO, e a capa pela Secretária, pois as atuais vestes talares encontram-se desgastadas.;21;Unidade;UNITÁRIO;R$18.000,00;As vestes talares atualmente usadas pelos Juízes Membros e pelo Procurador Regional Eleitoral, e substitutos nas sessões ordinárias, extraordinárias e solenes, e a capa da Secretária de Sessões encontram-se desgastadas.;2;02/09/24;02/03/25;;;;;Não;10030;MATERIAL DE CONSUMO - PAGTO ANTECIPADO;MATERIAL DE CONSUMO;DESPESAS CORRENTES;NÃO;;;;;Fornecimento;CONTRATAÇÃO DE SERVIÇO DE CONFECÇÃO DE 20 (VINTE) TOGAS E 01 (UMA) CAPA;AJUSTES
2025;Ordinário;2. Promover ações de cidadania e educação eleitoral à sociedade;OE01 - Garantir os Direitos da Cidadania;ASSESSORIA DO TRIBUNAL PLENO;ASSESSORIA DO TRIBUNAL PLENO;Aquisição de 20 (vinte) conjuntos (estojo com medalha e bottom) da Comenda Colar do Mérito Eleitoral Desembargador Jorge de Morais Jardim.;20;Unidade;UNITÁRIO;R$6.200,00;De acordo com o disposto nas Resoluções TRE/GO nº 2/1996, nº 3/1996 e nº 15/1997, que regulamentam a outorga da Comenda Colar do Mérito Eleitoral Desembargador Jorge de Morais Jardim, a honraria deve ser concedida por este Tribunal aos Juízes Membros da Corte, podendo se estender a outras autoridades e cidadãos. Por isso, é necessária a aquisição de unidades do objeto acima citado, em quantidade que atenda à demanda vindoura.;2;02/09/24;02/03/25;;;;;Não;17760;BANDEIRAS, FLAMULAS E INSIGNIAS;MATERIAL DE CONSUMO;DESPESAS CORRENTES;NÃO;;;;;Fornecimento;CONTRATAÇÃO PARA AQUISIÇÃO DE 20 (VINTE) CONJUNTOS (ESTOJO COM MEDALHA E BOTTOM) DA COMENDA COLAR DO MÉRITO ELEITORAL DESEMBARGADOR JORGE DE MORAIS JARDIM;AJUSTES
2025;Ordinário;15. Otimizar o atendimento às demandas dos usuários dos serviços da Justiça Eleitoral;OE07 - Aperfeiçoar a Gestão Administrativa e a Governança da Justiça Eleitoral;SECRETARIA JUDICIÁRIA;SECRETARIA JUDICIÁRIA;Aquisição e papéis diversos para impressão gráfica;400;Resmas;Não se Aplica;R$35.000,00;Subsidiar os suprimentos necessários para a impressão gráfica objeto do Acordo de Cooperação Técnica nº 4/2024 firmado entre o TRE/GO e o TJ/GO.;1;30/08/24;01/03/25;;;;;Não;461772;MATERIAL DE EXPEDIENTE;MATERIAL DE CONSUMO;DESPESAS CORRENTES;NÃO;;;;;Fornecimento;AQUISIÇÃO DE PAPÉIS DIVERSOS;AJUSTES
2025;Ordinário;15. Otimizar o atendimento às demandas dos usuários dos serviços da Justiça Eleitoral;OE07 - Aperfeiçoar a Gestão Administrativa e a Governança da Justiça Eleitoral;ASSISTÊNCIA DE PROCESSOS, RISCOS E QUALIDADE;ASSISTÊNCIA DE PROCESSOS, RISCOS E QUALIDADE;Contratação de Organismo Certificador (OCS) para ciclo de certificação/extensão de escopo de novas atividades e auditorias de manutenção no Sistema de Gestão da Compliance (SGC) do Tribunal Regional Eleitoral de Goiás, verificando-se a conformidade do sistema com a norma NBR ISO 37301:2021.;1;Não se aplica;UNITÁRIO;R$0,00;O TRE-GO vem se modernizando a partir da implementação de novas ferramentas gerenciais, possibilitando uma maior eficiência operacional, eficácia no alcance da sua missão institucional e efetividade na consecução de políticas públicas.;3;23/04/24;30/06/24;;;;;Não;25470;APOIO ADMINISTRATIVO, TECNICO E OPERACIONAL;OUTROS SERVIÇOS DE TERCEIROS - PESSOA JURÍDICA;INVESTIMENTOS;NÃO;;;2757-6;2024;Serviços;CONTRATAÇÃO DE ORGANISMO PARA CERTIFICAÇÃO NA NBR ISO 37301-2021 (COMPLIANCE);AJUSTES
2025;Ordinário;15. Otimizar o atendimento às demandas dos usuários dos serviços da Justiça Eleitoral;OE07 - Aperfeiçoar a Gestão Administrativa e a Governança da Justiça Eleitoral;ASSISTÊNCIA DE PROCESSOS, RISCOS E QUALIDADE;ASSISTÊNCIA DE PROCESSOS, RISCOS E QUALIDADE;Contratação de Organismo Certificador (OCS) para ciclo de certificação/extensão de escopo de novas atividades e auditorias de manutenção no Sistema de Gestão da Qualidade (SGQ) do Tribunal Regional Eleitoral de Goiás, verificando-se a conformidade do sistema com a norma NBR ISO 9001:2015.;1;Não se aplica;UNITÁRIO;R$0,00;Realizar a certificação dos processos do Sistema de Gestão da Qualidade, conforme o seguinte escopo: Gestão do Processo Eleitoral, envolvendo a execução dos processos de ´Relação Institucional com a  Sociedade´, ´Capacitação Jurídica´, ´Provimento de Cargos Vagos´, ´Capacitação´, ´Planejamento de Eleições´, ´Cadastro Eleitoral´, ´Registro de Candidaturas´, ´Trâmite Judicial´, ´Suporte ao Usuário Externo na Utilização de Sistemas Jurisdicionais´ .´Publicação de Acórdãos´, ´Prestação de Contas´, ´Atendimento ao Público - 18ª Zona Eleitoral´, ´Divulgação de Resultados´, ´Ouvir os Usuários dos erviços Públicos´, ´Gestão de Urnas´ e ´Cerimônia de Diplomação´.;3;10/01/25;03/03/25;41;2021;26/11/24;0;Não;25470;APOIO ADMINISTRATIVO, TECNICO E OPERACIONAL;OUTROS SERVIÇOS DE TERCEIROS - PESSOA JURÍDICA;INVESTIMENTOS;NÃO;;;2020;863;Serviços;CONTRATAÇÃO DE ORGANISMO PARA CERTIFICAR O TRE-GO NA NBR ISO 9001-2015 (QUALIDADE);AJUSTES
2025;Ordinário;15. Otimizar o atendimento às demandas dos usuários dos serviços da Justiça Eleitoral;OE07 - Aperfeiçoar a Gestão Administrativa e a Governança da Justiça Eleitoral;COORDENADORIA DE PLANEJAMENTO ESTRATÉGICO, GOVERNANÇA E GESTÃO;COORDENADORIA DE PLANEJAMENTO ESTRATÉGICO, GOVERNANÇA E GESTÃO;Prorrogação do Contrato 61/2022 - Prestação de serviços de apoio administrativo mediante alocação de postos de trabalho no âmbito das Zonas Eleitorais e Centrais de Atendimento.;15;Postos;ANUAL;R$1.708.080,00;Apoio às unidades de atendimento;5;01/03/22;01/09/22;61;2022;03/08/25;1;Sim;911;APOIO ADMINISTRATIVO, TECNICO E OPERACIONAL;LOCAÇÃO DE MÃO-DE-OBRA;DESPESAS CORRENTES;NÃO;;;;;Serviços;CONTRATAÇÃO DE SERVIÇOS DE APOIO ADMINISTRATIVO - PRORROGAÇÃO CONTRATUAL;AJUSTES
2025;Ordinário;15. Otimizar o atendimento às demandas dos usuários dos serviços da Justiça Eleitoral;OE07 - Aperfeiçoar a Gestão Administrativa e a Governança da Justiça Eleitoral;COORDENADORIA DE PLANEJAMENTO ESTRATÉGICO, GOVERNANÇA E GESTÃO;COORDENADORIA DE PLANEJAMENTO ESTRATÉGICO, GOVERNANÇA E GESTÃO;Postos de Atendimento da Justiça Eleitoral nos Vapt-Vupts;45;Postos;UNITÁRIO;R$367.920,00;Facilitar o acesso das pessoas aos serviços da Justiça Eleitoral, principalmente, os excluídos digitais.;5;01/11/22;06/04/23;11;2023;05/04/28;0;Sim;722;CONDOMINIOS;OUTROS SERVIÇOS DE TERCEIROS - PESSOA JURÍDICA;DESPESAS CORRENTES;NÃO;;;;;Serviços;POSTOS DE ATENDIMENTO NO VAPT VUPT;AJUSTES
2025;Ordinário;15. Otimizar o atendimento às demandas dos usuários dos serviços da Justiça Eleitoral;OE07 - Aperfeiçoar a Gestão Administrativa e a Governança da Justiça Eleitoral;COORDENADORIA DE PLANEJAMENTO ESTRATÉGICO, GOVERNANÇA E GESTÃO;COORDENADORIA DE PLANEJAMENTO ESTRATÉGICO, GOVERNANÇA E GESTÃO;Prorrogação do Contrato 42/2024 - Prestação de serviços de apoio administrativo mediante a alocação de 02  (dois) postos de trabalho de tradutor e intérprete de libras.;2;Postos;ANUAL;R$163.916,00;Possibilitar acessibilidade para pessoas com deficiência;5;11/09/23;11/03/24;;;;;Sim;911;APOIO ADMINISTRATIVO, TECNICO E OPERACIONAL;LOCAÇÃO DE MÃO-DE-OBRA;DESPESAS CORRENTES;NÃO;;;;;Serviços;CONTRATAÇÃO DE SERVIÇOS DE APOIO ADMINISTRATIVO PARA TRADUÇÃO E INTERPRETAÇÃO DE LIBRAS - PRORROGAÇÃO CONTRATUAL;AJUSTES
2025;Ordinário;15. Otimizar o atendimento às demandas dos usuários dos serviços da Justiça Eleitoral;OE07 - Aperfeiçoar a Gestão Administrativa e a Governança da Justiça Eleitoral;COORDENADORIA DE PLANEJAMENTO ESTRATÉGICO, GOVERNANÇA E GESTÃO;COORDENADORIA DE PLANEJAMENTO ESTRATÉGICO, GOVERNANÇA E GESTÃO;Contratação de empresa especialização para prestação de serviços de legendagem e áudio descrição;650;Unidade;ANUAL;R$234.900,00;Facilitar o acesso das pessoas com deficiência aos serviços do TRE-GO;5;31/05/24;01/12/24;;;;;Sim;839;SERVICOS TECNICOS PROFISSIONAIS;OUTROS SERVIÇOS DE TERCEIROS - PESSOA JURÍDICA;DESPESAS CORRENTES;NÃO;;;;;Serviços;CONTRATAÇÃO DE SERVIÇOS DE LEGENDAGEM E ÁUDIO DESCRIÇÃO;AJUSTES
2025;Ordinário;32. Promover melhorias no processo da gestão orçamentária;OE09 - Aperfeiçoar a Gestão Orçamentária e Financeira;SECRETARIA DE ADMINISTRAÇÃO E ORÇAMENTO;SECRETARIA DE ADMINISTRAÇÃO E ORÇAMENTO;Prorrogação contratual - fornecimento de acesso à ferramenta Banco de Preços;5;Não se aplica;ANUAL;R$10.000,00;A pesquisa de preços desempenha papel de suma importância nas contratações públicas. É através desse processo que o valor estimativo de uma licitação ou de uma contratação direta é definido, que a vantagem econômica de uma prorrogação contratual, ou de uma adesão a Ata de Registro de Preços, é aferida, ou mesmo, que a disponibilidade orçamentária para uma contratação é avaliada, diante desse fato faz-se necessário que o órgão tenha mecanismos que auxiliem na realização da pesquisa de preços, imprimindo não apenas agilidade, mas confiabilidade ao procedimento, possibilitando aos agentes públicos a obtenção de informações confiáveis e a redução do tempo de instrução processual, com consequente melhoria no atendimento às demandas da Administração.;2;01/05/25;01/11/25;;;;;Sim;23108;ASSINATURAS DE PERIODICOS E ANUIDADES;OUTROS SERVIÇOS DE TERCEIROS - PESSOA JURÍDICA;DESPESAS CORRENTES;NÃO;;;;;Serviços;CONTRATAÇÃO DE PLATAFORMA DE PESQUISA DE PREÇOS PRATICADOS NA ADMINISTRAÇÃO PÚBLICA;AJUSTES
2025;Ordinário;35. Implementar as iniciativas do PDTIC 2021-2026;OE10 - Fortalecer a Estratégia Nacional de TIC e de Proteção de Dados;SECRETARIA DE ADMINISTRAÇÃO E ORÇAMENTO;SECRETARIA DE ADMINISTRAÇÃO E ORÇAMENTO;Aquisição de 3 (três) microcomputadores tipo Workstation, para Coordenadoria de Engenharia do TRE-GO - CEIN/SAO.;3;Unidade;ANUAL;R$0,00;Necessidade de atualização dos computadores utilizados para projetos de engenharia. Tais projetos são necessários para a realização de obras, reformas e serviços de engenharia.;1;01/06/25;01/12/25;;;;;Não;1234;MAQUINAS, INSTALACOES E UTENS. DE  ESCRITORIO;EQUIPAMENTOS E MATERIAL PERMANENTE;INVESTIMENTOS;NÃO;;;;;Fornecimento;AQUISIÇÃO DE MICROCOMPUTADORES WORKSTATION - CEIN/SAO;AJUSTES
2025;Ordinário;34. Aprimorar os mecanismos de segurança da informação e proteção de dados;OE10 - Fortalecer a Estratégia Nacional de TIC e de Proteção de Dados;ASSESSORIA DE IMPRENSA E COMUNICAÇÃO SOCIAL;ASSESSORIA DE IMPRENSA E COMUNICAÇÃO SOCIAL;Assinatura Freepik Premium  - plano 12 meses;2;Unidade;ANUAL;R$2.750,00;Possibilitar acesso a ferramental que permita o desempenho das atividades de produção de peças publicitárias e audiovisual, de comunicação interna e externa, do TRE/GO.;4;01/07/24;01/01/25;;;;;Não;11234;LOCACAO DE SOFTWARES;SERVIÇOS DE TECNOLOGIA DA INFORMAÇÃO E COMUNICAÇÃO - PJ;DESPESAS CORRENTES;NÃO;;;;;Serviços;LOCAÇÃO DE SOFTWARE - FREEPIK;AJUSTES
2025;Ordinário;35. Implementar as iniciativas do PDTIC 2021-2026;OE10 - Fortalecer a Estratégia Nacional de TIC e de Proteção de Dados;ASSESSORIA DE IMPRENSA E COMUNICAÇÃO SOCIAL;ASSESSORIA DE IMPRENSA E COMUNICAÇÃO SOCIAL;Possibilitar acesso a ferramental que permita o desempenho das atividades de produção de peças publicitárias e audiovisual, de comunicação interna e externa, do TRE/GO.;1;Unidade;ANUAL;R$2.750,00;Possibilitar acesso a ferramental que permita o desempenho das atividades de produção de peças publicitárias e audiovisual, de comunicação interna e externa, do TRE/GO.;4;03/07/24;03/01/25;;;;;Não;1234;LOCACAO DE SOFTWARES;SERVIÇOS DE TECNOLOGIA DA INFORMAÇÃO E COMUNICAÇÃO - PJ;DESPESAS CORRENTES;NÃO;;;;;Serviços;LOCAÇÃO DE SOFTWARE - ENVATO ELEMENTS;AJUSTES
2025;Ordinário;34. Aprimorar os mecanismos de segurança da informação e proteção de dados;OE10 - Fortalecer a Estratégia Nacional de TIC e de Proteção de Dados;SECRETARIA DE TECNOLOGIA DA INFORMAÇÃO;SECRETARIA DE TECNOLOGIA DA INFORMAÇÃO;Contratação de software de videoconferência ZOOM para 100 usuários.;1;Unidade;ANUAL;R$123.486,00;Contratação de solução de videoconferência com gravação de áudio e vídeo (Plenário, Salas de Audiência - 1º e 2º graus e unidades administrativas), para atendimento de demanda da VPCRE.;4;31/10/24;01/05/25;12;2021;18/05/25;0;Sim;1234;LOCACAO DE SOFTWARES;SERVIÇOS DE TECNOLOGIA DA INFORMAÇÃO E COMUNICAÇÃO - PJ;DESPESAS CORRENTES;NÃO;;.;;;Serviços;LOCAÇÃO DE SOFTWARE DE VIDEOCONFERÊNCIA ZOOM - VPCRE;AJUSTES
2025;Ordinário;4. Promover a melhoria nos processos que envolvam a prestação de informações aos usuários da Justiça Eleitoral;OE02 - Fortalecer a Relação Institucional da Justiça Eleitoral com a Sociedade;ESCOLA JUDICIÁRIA ELEITORAL;OUVIDORIA REGIONAL ELEITORAL DE GOIÁS;Contratação de palestras, cursos ou treinamentos não atendidos pelo Plano Anual de Capacitação destinados à capacitação de servidores e colaboradores em temas específicos das atribuições da Ouvidoria.;1;Não se aplica;ANUAL;R$30.000,00;Oferecer à sociedade civil conhecimento de seus direitos, que diferentes legislações lhe permite pleitear.;3;31/01/25;31/07/25;;;;;Não;1234;SERVICOS TECNICOS PROFISSIONAIS;OUTROS SERVIÇOS DE TERCEIROS - PESSOA JURÍDICA;DESPESAS CORRENTES;NÃO;;;;;Serviços;CONTRATAÇÃO DE PALESTRAS E CURSOS;AJUSTES
2025;Ordinário;30. Promover a capacitação jurídica de magistrados;OE08 - Aperfeiçoar a Gestão de Pessoas;ESCOLA JUDICIÁRIA ELEITORAL;ESCOLA JUDICIÁRIA ELEITORAL;Contratação de palestras, cursos, seminários para magistrados, promotores e servidores;1;Não se aplica;ANUAL;R$120.000,00;A Resolução TRE-GO n° 286/2018, dispõe sobre a Política de Educação e Desenvolvimento dos servidores, com a finalidade de favorecer a aquisição de conhecimentos e desenvolvimento de habilidades e comportamentos necessários ao cumprimento da missão institucional. As capacitações pretendidas pela EJE-GO também se inserem no PEI 2021-2026, em seu Objetivo Estratégico 8: Aperfeiçoar a gestão de pessoas, na iniciativa 30. Promover a capacitação jurídica de magistrados.;4;31/01/25;31/07/25;;;;;Não;1234;SERVICOS TECNICOS PROFISSIONAIS;OUTROS SERVIÇOS DE TERCEIROS - PESSOA JURÍDICA;DESPESAS CORRENTES;NÃO;;;;;Serviços;CAPACITAÇÃO DE MAGISTRADOS, PROMOTORES E SERVIDORES;AJUSTES
